Кластер,Подкластер,Интент,Запрос,Частотность,Широкая частотность,Существующая страница,Решение,Целевая страница,Чем показано,Примечание
Аудит проекта,Риски строительства,Коммерческое исследование,аудит строительного проекта,23,,,create,/proverki/audit-stroitelnogo-proekta/,semantic-core.csv + файлы репозитория,"единственный запрос группы — страница будет тонкой, рассмотреть merge в соседнюю"
Договоры,Договор субподряда,Информационный,договор субподряда,6794,,,create,/baza-znanii/dogovor-subpodryada/,semantic-core.csv + файлы репозитория,
Договоры,Договор субподряда,Информационный,договор субподряда на работы,896,,,no-page,/baza-znanii/dogovor-subpodryada/,semantic-core.csv + файлы репозитория,"тот же интент, что «договор субподряда»"
Договоры,Договор субподряда,Информационный,договор субподряда на выполнение,674,,,no-page,/baza-znanii/dogovor-subpodryada/,semantic-core.csv + файлы репозитория,"тот же интент, что «договор субподряда»"
Договоры,Договор субподряда,Информационный,договор субподряда на выполнение работ,632,,,no-page,/baza-znanii/dogovor-subpodryada/,semantic-core.csv + файлы репозитория,"тот же интент, что «договор субподряда»"
Договоры,Договор субподряда,Информационный,договор строительного субподряда,536,,,no-page,/baza-znanii/dogovor-subpodryada/,semantic-core.csv + файлы репозитория,"тот же интент, что «договор субподряда»"
Договоры,Договор субподряда,Информационный,договор субподряда строительные работы,401,,,no-page,/baza-znanii/dogovor-subpodryada/,semantic-core.csv + файлы репозитория,"тот же интент, что «договор субподряда»"
Договоры,Договор субподряда,Информационный,договор заказчик субподряда,377,,,no-page,/baza-znanii/dogovor-subpodryada/,semantic-core.csv + файлы репозитория,"тот же интент, что «договор субподряда»"
Договоры,Договор субподряда,Информационный,договор субподряда на выполнение строительных,297,,,no-page,/baza-znanii/dogovor-subpodryada/,semantic-core.csv + файлы репозитория,"тот же интент, что «договор субподряда»"
Договоры,Договор субподряда,Информационный,договор субподряда на выполнение строительных работ,294,,,no-page,/baza-znanii/dogovor-subpodryada/,semantic-core.csv + файлы репозитория,"тот же интент, что «договор субподряда»"
Договоры,Договор субподряда,Информационный,заключение договоров субподряда,172,,,no-page,/baza-znanii/dogovor-subpodryada/,semantic-core.csv + файлы репозитория,"тот же интент, что «договор субподряда»"
Договоры,Договор субподряда,Информационный,сумма договора субподряда,166,,,no-page,/baza-znanii/dogovor-subpodryada/,semantic-core.csv + файлы репозитория,"тот же интент, что «договор субподряда»"
Договоры,Договор субподряда,Информационный,исполнение договора субподряда,156,,,no-page,/baza-znanii/dogovor-subpodryada/,semantic-core.csv + файлы репозитория,"тот же интент, что «договор субподряда»"
Договоры,Договор субподряда,Информационный,условия договора субподряда,154,,,no-page,/baza-znanii/dogovor-subpodryada/,semantic-core.csv + файлы репозитория,"тот же интент, что «договор субподряда»"
Договоры,Договор субподряда,Информационный,договор субподряда ооо и ооо,151,,,no-page,/baza-znanii/dogovor-subpodryada/,semantic-core.csv + файлы репозитория,"тот же интент, что «договор субподряда»"
Договоры,Договор субподряда,Информационный,договор субподряд строительство,144,,,no-page,/baza-znanii/dogovor-subpodryada/,semantic-core.csv + файлы репозитория,"тот же интент, что «договор субподряда»"
Договоры,Договор субподряда,Информационный,договор субподряда оплата,144,,,no-page,/baza-znanii/dogovor-subpodryada/,semantic-core.csv + файлы репозитория,"тот же интент, что «договор субподряда»"
Договоры,Договор субподряда,Информационный,договор с ип субподряд,140,,,no-page,/baza-znanii/dogovor-subpodryada/,semantic-core.csv + файлы репозитория,"тот же интент, что «договор субподряда»"
Договоры,Договор субподряда,Информационный,договор подряда и субподряда,137,,,no-page,/baza-znanii/dogovor-subpodryada/,semantic-core.csv + файлы репозитория,"тот же интент, что «договор субподряда»"
Договоры,Договор субподряда,Информационный,в соответствии с договором субподряда,126,,,no-page,/baza-znanii/dogovor-subpodryada/,semantic-core.csv + файлы репозитория,"тот же интент, что «договор субподряда»"
Договоры,Договор субподряда,Информационный,договор субподряда рф,125,,,no-page,/baza-znanii/dogovor-subpodryada/,semantic-core.csv + файлы репозитория,"тот же интент, что «договор субподряда»"
Договоры,Договор субподряда,Информационный,расторжение договора субподряда,123,,,no-page,/baza-znanii/dogovor-subpodryada/,semantic-core.csv + файлы репозитория,"тот же интент, что «договор субподряда»"
Договоры,Договор субподряда,Информационный,договор субподряда по 44 фз,120,,,no-page,/baza-znanii/dogovor-subpodryada/,semantic-core.csv + файлы репозитория,"тот же интент, что «договор субподряда»"
Договоры,Договор субподряда,Информационный,договор субподряда между ооо,115,,,no-page,/baza-znanii/dogovor-subpodryada/,semantic-core.csv + файлы репозитория,"тот же интент, что «договор субподряда»"
Договоры,Договор субподряда,Информационный,договор субподряда с подрядчиком,113,,,no-page,/baza-znanii/dogovor-subpodryada/,semantic-core.csv + файлы репозитория,"тот же интент, что «договор субподряда»"
Договоры,Договор субподряда,Информационный,договор субподряда аванс,112,,,no-page,/baza-znanii/dogovor-subpodryada/,semantic-core.csv + файлы репозитория,"тот же интент, что «договор субподряда»"
Договоры,Договор субподряда,Информационный,договор субподряда ндс,109,,,no-page,/baza-znanii/dogovor-subpodryada/,semantic-core.csv + файлы репозитория,"тот же интент, что «договор субподряда»"
Договоры,Договор субподряда,Информационный,договор субподряда требования,107,,,no-page,/baza-znanii/dogovor-subpodryada/,semantic-core.csv + файлы репозитория,"тот же интент, что «договор субподряда»"
Договоры,Договор субподряда,Информационный,договор субподряда 2025,105,,,no-page,/baza-znanii/dogovor-subpodryada/,semantic-core.csv + файлы репозитория,"тот же интент, что «договор субподряда»"
Договоры,Договор субподряда,Информационный,стороны в договоре субподряда,98,,,no-page,/baza-znanii/dogovor-subpodryada/,semantic-core.csv + файлы репозитория,"тот же интент, что «договор субподряда»"
Договоры,Договор субподряда,Информационный,договор субподряда по контракту,94,,,no-page,/baza-znanii/dogovor-subpodryada/,semantic-core.csv + файлы репозитория,"тот же интент, что «договор субподряда»"
Договоры,Договор субподряда,Информационный,договор субподряда гк,93,,,no-page,/baza-znanii/dogovor-subpodryada/,semantic-core.csv + файлы репозитория,"тот же интент, что «договор субподряда»"
Договоры,Договор субподряда,Коммерческий,договор субподряда услуг,354,,,create,/proverki/dogovor-subpodryada-uslug/,semantic-core.csv + файлы репозитория,
Договоры,Договор субподряда,Коммерческий,договор субподряда на оказание услуг,166,,,no-page,/proverki/dogovor-subpodryada-uslug/,semantic-core.csv + файлы репозитория,"тот же интент, что «договор субподряда услуг»"
Договоры,Договор субподряда,Коммерческий,стоимость договора субподряда,114,,,no-page,/proverki/dogovor-subpodryada-uslug/,semantic-core.csv + файлы репозитория,"тот же интент, что «договор субподряда услуг»"
Договоры,Договор субподряда,Проблемный информационный,срок договора субподряда,129,,,create,/baza-znanii/srok-dogovora-subpodryada/,semantic-core.csv + файлы репозитория,
Договоры,Договор субподряда,Проблемный информационный,как прописать в договоре субподряда,106,,,no-page,/baza-znanii/srok-dogovora-subpodryada/,semantic-core.csv + файлы репозитория,"тот же интент, что «срок договора субподряда»"
Договоры,Договор субподряда,Шаблон / лид-магнит,договор субподряда образец,772,,/articles/dogovor-subpodryada-obrazec.html,keep,/articles/dogovor-subpodryada-obrazec.html,semantic-core.csv + файлы репозитория,
Договоры,Договор субподряда,Шаблон / лид-магнит,договор субподряда на работы образец,298,,/articles/dogovor-subpodryada-obrazec.html,no-page,/articles/dogovor-subpodryada-obrazec.html,semantic-core.csv + файлы репозитория,"тот же интент, что «договор субподряда образец»"
Договоры,Договор субподряда,Шаблон / лид-магнит,образец договора субподряда на выполнение работ,246,,/articles/dogovor-subpodryada-obrazec.html,no-page,/articles/dogovor-subpodryada-obrazec.html,semantic-core.csv + файлы репозитория,"тот же интент, что «договор субподряда образец»"
Договоры,Договор субподряда,Шаблон / лид-магнит,строительный договор субподряда образец,227,,/articles/dogovor-subpodryada-obrazec.html,no-page,/articles/dogovor-subpodryada-obrazec.html,semantic-core.csv + файлы репозитория,"тот же интент, что «договор субподряда образец»"
Договоры,Договор субподряда,Шаблон / лид-магнит,скачать договор субподряда,226,,/articles/dogovor-subpodryada-obrazec.html,no-page,/articles/dogovor-subpodryada-obrazec.html,semantic-core.csv + файлы репозитория,"тот же интент, что «договор субподряда образец»"
Договоры,Договор субподряда,Шаблон / лид-магнит,договор субподряда на строительные работы образец,211,,/articles/dogovor-subpodryada-obrazec.html,no-page,/articles/dogovor-subpodryada-obrazec.html,semantic-core.csv + файлы репозитория,"тот же интент, что «договор субподряда образец»"
Договоры,Договор субподряда,Шаблон / лид-магнит,образец договора субподряда на выполнение строительных работ,179,,/articles/dogovor-subpodryada-obrazec.html,no-page,/articles/dogovor-subpodryada-obrazec.html,semantic-core.csv + файлы репозитория,"тот же интент, что «договор субподряда образец»"
Договоры,Договор субподряда,Шаблон / лид-магнит,договор субподряда образец скачать,166,,/articles/dogovor-subpodryada-obrazec.html,no-page,/articles/dogovor-subpodryada-obrazec.html,semantic-core.csv + файлы репозитория,"тот же интент, что «договор субподряда образец»"
Договоры,Договор субподряда,Шаблон / лид-магнит,скачать договор субподряда на выполнение работ,159,,/articles/dogovor-subpodryada-obrazec.html,no-page,/articles/dogovor-subpodryada-obrazec.html,semantic-core.csv + файлы репозитория,"тот же интент, что «договор субподряда образец»"
Договоры,Договор субподряда,Шаблон / лид-магнит,договор строительного субподряда скачать,148,,/articles/dogovor-subpodryada-obrazec.html,no-page,/articles/dogovor-subpodryada-obrazec.html,semantic-core.csv + файлы репозитория,"тот же интент, что «договор субподряда образец»"
Договоры,Договор субподряда,Шаблон / лид-магнит,договор субподряда на строительные работы скачать,148,,/articles/dogovor-subpodryada-obrazec.html,no-page,/articles/dogovor-subpodryada-obrazec.html,semantic-core.csv + файлы репозитория,"тот же интент, что «договор субподряда образец»"
Договоры,Договор субподряда,Шаблон / лид-магнит,скачать договор субподряда на выполнение строительных работ,148,,/articles/dogovor-subpodryada-obrazec.html,no-page,/articles/dogovor-subpodryada-obrazec.html,semantic-core.csv + файлы репозитория,"тот же интент, что «договор субподряда образец»"
Договоры,Договор субподряда,Шаблон / лид-магнит,договор строительного субподряда образец скачать,140,,/articles/dogovor-subpodryada-obrazec.html,no-page,/articles/dogovor-subpodryada-obrazec.html,semantic-core.csv + файлы репозитория,"тот же интент, что «договор субподряда образец»"
Договоры,Договор субподряда,Шаблон / лид-магнит,договор субподряда образец 2026,100,,/articles/dogovor-subpodryada-obrazec.html,no-page,/articles/dogovor-subpodryada-obrazec.html,semantic-core.csv + файлы репозитория,"тот же интент, что «договор субподряда образец»"
Договоры,Проверка договора,Коммерческое исследование,проверка договора подряда,254,,,create,/proverki/proverka-dogovora-podryada/,semantic-core.csv + файлы репозитория,"единственный запрос группы — страница будет тонкой, рассмотреть merge в соседнюю"
Допработы,Согласование изменений,Информационный,дополнительные работы в строительстве,1029,,/articles/dopolnitelnye-raboty-v-stroitelstve.html,keep,/articles/dopolnitelnye-raboty-v-stroitelstve.html,semantic-core.csv + файлы репозитория,
Допработы,Согласование изменений,Информационный,акт дополнительных работ в строительстве,281,,/articles/dopolnitelnye-raboty-v-stroitelstve.html,no-page,/articles/dopolnitelnye-raboty-v-stroitelstve.html,semantic-core.csv + файлы репозитория,"тот же интент, что «дополнительные работы в строительстве»"
Допработы,Согласование изменений,Информационный,выполнение дополнительных работ в строительстве,173,,/articles/dopolnitelnye-raboty-v-stroitelstve.html,no-page,/articles/dopolnitelnye-raboty-v-stroitelstve.html,semantic-core.csv + файлы репозитория,"тот же интент, что «дополнительные работы в строительстве»"
Допработы,Согласование изменений,Информационный,дополнительные работы и затраты в строительстве,97,,/articles/dopolnitelnye-raboty-v-stroitelstve.html,no-page,/articles/dopolnitelnye-raboty-v-stroitelstve.html,semantic-core.csv + файлы репозитория,"тот же интент, что «дополнительные работы в строительстве»"
Допработы,Согласование изменений,Информационный,дополнительные объемы работ в строительстве,82,,/articles/dopolnitelnye-raboty-v-stroitelstve.html,no-page,/articles/dopolnitelnye-raboty-v-stroitelstve.html,semantic-core.csv + файлы репозитория,"тот же интент, что «дополнительные работы в строительстве»"
Допработы,Согласование изменений,Информационный,дополнительные работы в строительстве смета,70,,/articles/dopolnitelnye-raboty-v-stroitelstve.html,no-page,/articles/dopolnitelnye-raboty-v-stroitelstve.html,semantic-core.csv + файлы репозитория,"тот же интент, что «дополнительные работы в строительстве»"
Допработы,Согласование изменений,Информационный,документация по дополнительным работам в строительстве,63,,/articles/dopolnitelnye-raboty-v-stroitelstve.html,no-page,/articles/dopolnitelnye-raboty-v-stroitelstve.html,semantic-core.csv + файлы репозитория,"тот же интент, что «дополнительные работы в строительстве»"
Допработы,Согласование изменений,Информационный,закупки дополнительных работ в строительстве,52,,/articles/dopolnitelnye-raboty-v-stroitelstve.html,no-page,/articles/dopolnitelnye-raboty-v-stroitelstve.html,semantic-core.csv + файлы репозитория,"тот же интент, что «дополнительные работы в строительстве»"
Допработы,Согласование изменений,Информационный,расчет дополнительных работ в строительстве,50,,/articles/dopolnitelnye-raboty-v-stroitelstve.html,no-page,/articles/dopolnitelnye-raboty-v-stroitelstve.html,semantic-core.csv + файлы репозитория,"тот же интент, что «дополнительные работы в строительстве»"
Допработы,Согласование изменений,Информационный,дополнительные работы в строительстве определение,47,,/articles/dopolnitelnye-raboty-v-stroitelstve.html,no-page,/articles/dopolnitelnye-raboty-v-stroitelstve.html,semantic-core.csv + файлы репозитория,"тот же интент, что «дополнительные работы в строительстве»"
Допработы,Согласование изменений,Информационный,дополнительные работы в строительстве рб,44,,/articles/dopolnitelnye-raboty-v-stroitelstve.html,no-page,/articles/dopolnitelnye-raboty-v-stroitelstve.html,semantic-core.csv + файлы репозитория,"тот же интент, что «дополнительные работы в строительстве»"
Допработы,Согласование изменений,Информационный,акт необходимости выполнения дополнительных работ в строительстве,43,,/articles/dopolnitelnye-raboty-v-stroitelstve.html,no-page,/articles/dopolnitelnye-raboty-v-stroitelstve.html,semantic-core.csv + файлы репозитория,"тот же интент, что «дополнительные работы в строительстве»"
Допработы,Согласование изменений,Информационный,виды дополнительных работ в строительстве,43,,/articles/dopolnitelnye-raboty-v-stroitelstve.html,no-page,/articles/dopolnitelnye-raboty-v-stroitelstve.html,semantic-core.csv + файлы репозитория,"тот же интент, что «дополнительные работы в строительстве»"
Допработы,Согласование изменений,Информационный,лимит суммы дополнительных работ в строительстве рб,18,,/articles/dopolnitelnye-raboty-v-stroitelstve.html,no-page,/articles/dopolnitelnye-raboty-v-stroitelstve.html,semantic-core.csv + файлы репозитория,"тот же интент, что «дополнительные работы в строительстве»"
Допработы,Согласование изменений,Информационный,акт о необходимости дополнительных работ в строительстве,8,,/articles/dopolnitelnye-raboty-v-stroitelstve.html,no-page,/articles/dopolnitelnye-raboty-v-stroitelstve.html,semantic-core.csv + файлы репозитория,"тот же интент, что «дополнительные работы в строительстве»"
Допработы,Согласование изменений,Коммерческий,стоимость дополнительных работ в строительстве,190,,,create,/proverki/stoimost-dopolnitelnyh-rabot-v-stroitelstve/,semantic-core.csv + файлы репозитория,"единственный запрос группы — страница будет тонкой, рассмотреть merge в соседнюю"
Допработы,Согласование изменений,Проблемный информационный,какие дополнительные работы в строительстве,81,,,create,/baza-znanii/kakie-dopolnitelnye-raboty-v-stroitelstve/,semantic-core.csv + файлы репозитория,
Допработы,Согласование изменений,Проблемный информационный,порядок оформления дополнительных работ в строительстве,8,,,no-page,/baza-znanii/kakie-dopolnitelnye-raboty-v-stroitelstve/,semantic-core.csv + файлы репозитория,"тот же интент, что «какие дополнительные работы в строительстве»"
Допработы,Согласование изменений,Проблемный информационный,как оформляются дополнительные работы в строительстве,5,,,no-page,/baza-znanii/kakie-dopolnitelnye-raboty-v-stroitelstve/,semantic-core.csv + файлы репозитория,"тот же интент, что «какие дополнительные работы в строительстве»"
Допработы,Согласование изменений,Шаблон / лид-магнит,образец дополнительных работ в строительстве,189,,,create,/materialy/obrazec-dopolnitelnyh-rabot-v-stroitelstve/,semantic-core.csv + файлы репозитория,
Допработы,Согласование изменений,Шаблон / лид-магнит,акт на дополнительные работы в строительстве образец,117,,,no-page,/materialy/obrazec-dopolnitelnyh-rabot-v-stroitelstve/,semantic-core.csv + файлы репозитория,"тот же интент, что «образец дополнительных работ в строительстве»"
Допработы,Согласование изменений,Шаблон / лид-магнит,акт дополнительных работ в строительстве скачать,46,,,no-page,/materialy/obrazec-dopolnitelnyh-rabot-v-stroitelstve/,semantic-core.csv + файлы репозитория,"тот же интент, что «образец дополнительных работ в строительстве»"
Допработы,Согласование изменений,Шаблон / лид-магнит,акт дополнительных работ в строительстве образец скачать,44,,,no-page,/materialy/obrazec-dopolnitelnyh-rabot-v-stroitelstve/,semantic-core.csv + файлы репозитория,"тот же интент, что «образец дополнительных работ в строительстве»"
Допработы,Согласование изменений,Шаблон / лид-магнит,форма акта дополнительных работ в строительстве,8,,,no-page,/materialy/obrazec-dopolnitelnyh-rabot-v-stroitelstve/,semantic-core.csv + файлы репозитория,"тот же интент, что «образец дополнительных работ в строительстве»"
Допработы,Согласование изменений,Шаблон / лид-магнит,письмо на дополнительные работы в строительстве образец,8,,,no-page,/materialy/obrazec-dopolnitelnyh-rabot-v-stroitelstve/,semantic-core.csv + файлы репозитория,"тот же интент, что «образец дополнительных работ в строительстве»"
Исполнительная документация,Акты скрытых работ,Информационный,акт скрытых работ,27861,,/materialy/akt-skrytyh-rabot.html,keep,/materialy/akt-skrytyh-rabot.html,semantic-core.csv + файлы репозитория,
Исполнительная документация,Акты скрытых работ,Информационный,акт освидетельствования скрытых работ,7434,,/articles/akt-osvidetelstvovaniya-skrytyh-rabot.html,merge,/materialy/akt-skrytyh-rabot.html,semantic-core.csv + файлы репозитория,"своя страница есть, но интент общий с «акт скрытых работ» — решить, какая сильнее"
Исполнительная документация,Акты скрытых работ,Информационный,акт скрытых работ в строительстве,2334,,/materialy/akt-skrytyh-rabot.html,no-page,/materialy/akt-skrytyh-rabot.html,semantic-core.csv + файлы репозитория,"тот же интент, что «акт скрытых работ»"
Исполнительная документация,Акты скрытых работ,Информационный,акты скрываемых работ в строительстве,2334,,/materialy/akt-skrytyh-rabot.html,no-page,/materialy/akt-skrytyh-rabot.html,semantic-core.csv + файлы репозитория,"тот же интент, что «акт скрытых работ»"
Исполнительная документация,Акты скрытых работ,Информационный,акт скрытых работ 2026,1195,,/materialy/akt-skrytyh-rabot.html,no-page,/materialy/akt-skrytyh-rabot.html,semantic-core.csv + файлы репозитория,"тот же интент, что «акт скрытых работ»"
Исполнительная документация,Акты скрытых работ,Информационный,акт скрытых работ монтаж,1109,,/articles/akt-skrytyh-rabot-montazh.html,merge,/materialy/akt-skrytyh-rabot.html,semantic-core.csv + файлы репозитория,"своя страница есть, но интент общий с «акт скрытых работ» — решить, какая сильнее"
Исполнительная документация,Акты скрытых работ,Информационный,нужен ли акт скрытых работ,894,,/materialy/akt-skrytyh-rabot.html,no-page,/materialy/akt-skrytyh-rabot.html,semantic-core.csv + файлы репозитория,"тот же интент, что «акт скрытых работ»"
Исполнительная документация,Акты скрытых работ,Информационный,акт скрытых работ 2025,761,,/materialy/akt-skrytyh-rabot.html,no-page,/materialy/akt-skrytyh-rabot.html,semantic-core.csv + файлы репозитория,"тот же интент, что «акт скрытых работ»"
Исполнительная документация,Акты скрытых работ,Информационный,нужен акт на скрытые работы,751,,/materialy/akt-skrytyh-rabot.html,no-page,/materialy/akt-skrytyh-rabot.html,semantic-core.csv + файлы репозитория,"тот же интент, что «акт скрытых работ»"
Исполнительная документация,Акты скрытых работ,Информационный,акт скрытых работ заполнение,745,,/materialy/akt-skrytyh-rabot.html,no-page,/materialy/akt-skrytyh-rabot.html,semantic-core.csv + файлы репозитория,"тот же интент, что «акт скрытых работ»"
Исполнительная документация,Акты скрытых работ,Информационный,акт скрытых работ ремонт,681,,/materialy/akt-skrytyh-rabot.html,no-page,/materialy/akt-skrytyh-rabot.html,semantic-core.csv + файлы репозитория,"тот же интент, что «акт скрытых работ»"
Исполнительная документация,Акты скрытых работ,Информационный,документ акт скрытых работ,560,,/materialy/akt-skrytyh-rabot.html,no-page,/materialy/akt-skrytyh-rabot.html,semantic-core.csv + файлы репозитория,"тот же интент, что «акт скрытых работ»"
Исполнительная документация,Акты скрытых работ,Информационный,акт скрытых работ приказ,542,,/materialy/akt-skrytyh-rabot.html,no-page,/materialy/akt-skrytyh-rabot.html,semantic-core.csv + файлы репозитория,"тот же интент, что «акт скрытых работ»"
Исполнительная документация,Акты скрытых работ,Информационный,акты скрытых работ заказчик,532,,/materialy/akt-skrytyh-rabot.html,no-page,/materialy/akt-skrytyh-rabot.html,semantic-core.csv + файлы репозитория,"тот же интент, что «акт скрытых работ»"
Исполнительная документация,Акты скрытых работ,Информационный,акт приемки скрытых работ,526,,/materialy/akt-skrytyh-rabot.html,no-page,/materialy/akt-skrytyh-rabot.html,semantic-core.csv + файлы репозитория,"тот же интент, что «акт скрытых работ»"
Исполнительная документация,Акты скрытых работ,Информационный,акт выполненных скрытых работ,497,,/materialy/akt-skrytyh-rabot.html,no-page,/materialy/akt-skrytyh-rabot.html,semantic-core.csv + файлы репозитория,"тот же интент, что «акт скрытых работ»"
Исполнительная документация,Акты скрытых работ,Информационный,акт скрытых видов работ,475,,/materialy/akt-skrytyh-rabot.html,no-page,/materialy/akt-skrytyh-rabot.html,semantic-core.csv + файлы репозитория,"тот же интент, что «акт скрытых работ»"
Исполнительная документация,Акты скрытых работ,Информационный,подписание акта скрытых работ,475,,/materialy/akt-skrytyh-rabot.html,no-page,/materialy/akt-skrytyh-rabot.html,semantic-core.csv + файлы репозитория,"тот же интент, что «акт скрытых работ»"
Исполнительная документация,Акты скрытых работ,Информационный,оформление акта скрытых работ,436,,/materialy/akt-skrytyh-rabot.html,no-page,/materialy/akt-skrytyh-rabot.html,semantic-core.csv + файлы репозитория,"тот же интент, что «акт скрытых работ»"
Исполнительная документация,Акты скрытых работ,Информационный,акт освидетельствования скрытых работ 2026,418,,/materialy/akt-skrytyh-rabot.html,no-page,/materialy/akt-skrytyh-rabot.html,semantic-core.csv + файлы репозитория,"тот же интент, что «акт скрытых работ»"
Исполнительная документация,Акты скрытых работ,Информационный,перечень актов на скрытые работы,418,,/materialy/akt-skrytyh-rabot.html,no-page,/materialy/akt-skrytyh-rabot.html,semantic-core.csv + файлы репозитория,"тот же интент, что «акт скрытых работ»"
Исполнительная документация,Акты скрытых работ,Информационный,кто подписывает акты скрытых работ,415,,/materialy/akt-skrytyh-rabot.html,no-page,/materialy/akt-skrytyh-rabot.html,semantic-core.csv + файлы репозитория,"тот же интент, что «акт скрытых работ»"
Исполнительная документация,Акты скрытых работ,Информационный,акты скрытых работ сп,407,,/materialy/akt-skrytyh-rabot.html,no-page,/materialy/akt-skrytyh-rabot.html,semantic-core.csv + файлы репозитория,"тот же интент, что «акт скрытых работ»"
Исполнительная документация,Акты скрытых работ,Информационный,необходимые акты скрытых работ,385,,/materialy/akt-skrytyh-rabot.html,no-page,/materialy/akt-skrytyh-rabot.html,semantic-core.csv + файлы репозитория,"тот же интент, что «акт скрытых работ»"
Исполнительная документация,Акты скрытых работ,Информационный,акт скрытых работ схема,380,,/materialy/akt-skrytyh-rabot.html,no-page,/materialy/akt-skrytyh-rabot.html,semantic-core.csv + файлы репозитория,"тот же интент, что «акт скрытых работ»"
Исполнительная документация,Акты скрытых работ,Информационный,акт скрытых работ подрядчика,369,,/materialy/akt-skrytyh-rabot.html,no-page,/materialy/akt-skrytyh-rabot.html,semantic-core.csv + файлы репозитория,"тот же интент, что «акт скрытых работ»"
Исполнительная документация,Акты скрытых работ,Информационный,акт скрытых работ кабель,345,,/materialy/akt-skrytyh-rabot.html,no-page,/materialy/akt-skrytyh-rabot.html,semantic-core.csv + файлы репозитория,"тот же интент, что «акт скрытых работ»"
Исполнительная документация,Акты скрытых работ,Информационный,акт скрытых работ реестр,343,,/materialy/akt-skrytyh-rabot.html,no-page,/materialy/akt-skrytyh-rabot.html,semantic-core.csv + файлы репозитория,"тот же интент, что «акт скрытых работ»"
Исполнительная документация,Акты скрытых работ,Информационный,акт скрытых работ строительных работ,341,,/materialy/akt-skrytyh-rabot.html,no-page,/materialy/akt-skrytyh-rabot.html,semantic-core.csv + файлы репозитория,"тот же интент, что «акт скрытых работ»"
Исполнительная документация,Акты скрытых работ,Информационный,акт скрытых работ фундамента,338,,/materialy/akt-skrytyh-rabot.html,no-page,/materialy/akt-skrytyh-rabot.html,semantic-core.csv + файлы репозитория,"тот же интент, что «акт скрытых работ»"
Исполнительная документация,Акты скрытых работ,Информационный,журнал актов скрытых работ,324,,/materialy/akt-skrytyh-rabot.html,no-page,/materialy/akt-skrytyh-rabot.html,semantic-core.csv + файлы репозитория,"тот же интент, что «акт скрытых работ»"
Исполнительная документация,Акты скрытых работ,Информационный,акт скрытых работ стены,322,,/materialy/akt-skrytyh-rabot.html,no-page,/materialy/akt-skrytyh-rabot.html,semantic-core.csv + файлы репозитория,"тот же интент, что «акт скрытых работ»"
Исполнительная документация,Акты скрытых работ,Информационный,составление акта скрытых работ,310,,/materialy/akt-skrytyh-rabot.html,no-page,/materialy/akt-skrytyh-rabot.html,semantic-core.csv + файлы репозитория,"тот же интент, что «акт скрытых работ»"
Исполнительная документация,Акты скрытых работ,Информационный,выполнение актов скрытых работ,286,,/materialy/akt-skrytyh-rabot.html,no-page,/materialy/akt-skrytyh-rabot.html,semantic-core.csv + файлы репозитория,"тот же интент, что «акт скрытых работ»"
Исполнительная документация,Акты скрытых работ,Информационный,акт скрытых работ оформляется,284,,/materialy/akt-skrytyh-rabot.html,no-page,/materialy/akt-skrytyh-rabot.html,semantic-core.csv + файлы репозитория,"тот же интент, что «акт скрытых работ»"
Исполнительная документация,Акты скрытых работ,Проблемный информационный,акты скрытых работ какие,1693,,/articles/akty-skrytyh-rabot-kakie.html,keep,/articles/akty-skrytyh-rabot-kakie.html,semantic-core.csv + файлы репозитория,
Исполнительная документация,Акты скрытых работ,Проблемный информационный,акт освидетельствования скрытых работ какие работы,396,,/articles/akty-skrytyh-rabot-kakie.html,no-page,/articles/akty-skrytyh-rabot-kakie.html,semantic-core.csv + файлы репозитория,"тот же интент, что «акты скрытых работ какие»"
Исполнительная документация,Акты скрытых работ,Шаблон / лид-магнит,акт скрытых работ образец,3116,,/articles/akt-skrytyh-rabot-obrazec.html,keep,/articles/akt-skrytyh-rabot-obrazec.html,semantic-core.csv + файлы репозитория,
Исполнительная документация,Акты скрытых работ,Шаблон / лид-магнит,форма акта скрытых работ,1320,,/articles/akt-skrytyh-rabot-obrazec.html,no-page,/articles/akt-skrytyh-rabot-obrazec.html,semantic-core.csv + файлы репозитория,"тот же интент, что «акт скрытых работ образец»"
Исполнительная документация,Акты скрытых работ,Шаблон / лид-магнит,акт скрытых работ скачать,947,,/articles/akt-skrytyh-rabot-obrazec.html,no-page,/articles/akt-skrytyh-rabot-obrazec.html,semantic-core.csv + файлы репозитория,"тот же интент, что «акт скрытых работ образец»"
Исполнительная документация,Акты скрытых работ,Шаблон / лид-магнит,акт скрытых работ пример,859,,/articles/akt-skrytyh-rabot-obrazec.html,no-page,/articles/akt-skrytyh-rabot-obrazec.html,semantic-core.csv + файлы репозитория,"тот же интент, что «акт скрытых работ образец»"
Исполнительная документация,Акты скрытых работ,Шаблон / лид-магнит,акт освидетельствования скрытых работ образец,769,,/articles/akt-skrytyh-rabot-obrazec.html,no-page,/articles/akt-skrytyh-rabot-obrazec.html,semantic-core.csv + файлы репозитория,"тот же интент, что «акт скрытых работ образец»"
Исполнительная документация,Акты скрытых работ,Шаблон / лид-магнит,акт скрытых работ в строительстве образец,724,,/articles/akt-skrytyh-rabot-obrazec.html,no-page,/articles/akt-skrytyh-rabot-obrazec.html,semantic-core.csv + файлы репозитория,"тот же интент, что «акт скрытых работ образец»"
Исполнительная документация,Акты скрытых работ,Шаблон / лид-магнит,акт скрытых работ 2025 образец,633,,/articles/akt-skrytyh-rabot-obrazec.html,no-page,/articles/akt-skrytyh-rabot-obrazec.html,semantic-core.csv + файлы репозитория,"тот же интент, что «акт скрытых работ образец»"
Исполнительная документация,Акты скрытых работ,Шаблон / лид-магнит,акт скрытых работ 2026 образец,569,,/articles/akt-skrytyh-rabot-obrazec.html,no-page,/articles/akt-skrytyh-rabot-obrazec.html,semantic-core.csv + файлы репозитория,"тот же интент, что «акт скрытых работ образец»"
Исполнительная документация,Акты скрытых работ,Шаблон / лид-магнит,бланк акта скрытых работ,522,,/articles/akt-skrytyh-rabot-obrazec.html,no-page,/articles/akt-skrytyh-rabot-obrazec.html,semantic-core.csv + файлы репозитория,"тот же интент, что «акт скрытых работ образец»"
Исполнительная документация,Акты скрытых работ,Шаблон / лид-магнит,форма акта освидетельствования скрытых работ,460,,/articles/akt-skrytyh-rabot-obrazec.html,no-page,/articles/akt-skrytyh-rabot-obrazec.html,semantic-core.csv + файлы репозитория,"тот же интент, что «акт скрытых работ образец»"
Исполнительная документация,Акты скрытых работ,Шаблон / лид-магнит,форма акта скрытых работ 2026,306,,/articles/akt-skrytyh-rabot-obrazec.html,no-page,/articles/akt-skrytyh-rabot-obrazec.html,semantic-core.csv + файлы репозитория,"тот же интент, что «акт скрытых работ образец»"
Исполнительная документация,Акты скрытых работ,Шаблон / лид-магнит,акт скрытых работ образец заполнения,304,,/articles/akt-skrytyh-rabot-obrazec.html,no-page,/articles/akt-skrytyh-rabot-obrazec.html,semantic-core.csv + файлы репозитория,"тот же интент, что «акт скрытых работ образец»"
Исполнительная документация,Акты скрытых работ,Шаблон / лид-магнит,скачать акт освидетельствования скрытых работ,300,,/articles/akt-skrytyh-rabot-obrazec.html,no-page,/articles/akt-skrytyh-rabot-obrazec.html,semantic-core.csv + файлы репозитория,"тот же интент, что «акт скрытых работ образец»"
Исполнительная документация,Комплект ИД,Информационный,исполнительная документация в строительстве,9155,,,create,/baza-znanii/ispolnitelnaya-dokumentaciya-v-stroitelstve/,semantic-core.csv + файлы репозитория,
Исполнительная документация,Комплект ИД,Информационный,исполнительная документация капитального строительства,1845,,,no-page,/baza-znanii/ispolnitelnaya-dokumentaciya-v-stroitelstve/,semantic-core.csv + файлы репозитория,"тот же интент, что «исполнительная документация в строительстве»"
Исполнительная документация,Комплект ИД,Информационный,исполнительная документация объекта капитального строительства,1756,,,no-page,/baza-znanii/ispolnitelnaya-dokumentaciya-v-stroitelstve/,semantic-core.csv + файлы репозитория,"тот же интент, что «исполнительная документация в строительстве»"
Исполнительная документация,Комплект ИД,Информационный,исполнительная документация при строительстве объектов,1567,,,no-page,/baza-znanii/ispolnitelnaya-dokumentaciya-v-stroitelstve/,semantic-core.csv + файлы репозитория,"тот же интент, что «исполнительная документация в строительстве»"
Исполнительная документация,Комплект ИД,Информационный,приказ 344 исполнительная документация в строительстве,750,,,no-page,/baza-znanii/ispolnitelnaya-dokumentaciya-v-stroitelstve/,semantic-core.csv + файлы репозитория,"тот же интент, что «исполнительная документация в строительстве»"
Исполнительная документация,Комплект ИД,Информационный,состав исполнительной документации в строительстве,700,,,no-page,/baza-znanii/ispolnitelnaya-dokumentaciya-v-stroitelstve/,semantic-core.csv + файлы репозитория,"тот же интент, что «исполнительная документация в строительстве»"
Исполнительная документация,Комплект ИД,Информационный,ведение исполнительной документации в строительстве,641,,,no-page,/baza-znanii/ispolnitelnaya-dokumentaciya-v-stroitelstve/,semantic-core.csv + файлы репозитория,"тот же интент, что «исполнительная документация в строительстве»"
Исполнительная документация,Комплект ИД,Информационный,перечень исполнительной документации в строительстве,472,,,no-page,/baza-znanii/ispolnitelnaya-dokumentaciya-v-stroitelstve/,semantic-core.csv + файлы репозитория,"тот же интент, что «исполнительная документация в строительстве»"
Исполнительная документация,Комплект ИД,Информационный,исполнительная документация в строительстве 2025,366,,,no-page,/baza-znanii/ispolnitelnaya-dokumentaciya-v-stroitelstve/,semantic-core.csv + файлы репозитория,"тот же интент, что «исполнительная документация в строительстве»"
Исполнительная документация,Комплект ИД,Информационный,исполнительная документация в строительстве работа,351,,,no-page,/baza-znanii/ispolnitelnaya-dokumentaciya-v-stroitelstve/,semantic-core.csv + файлы репозитория,"тот же интент, что «исполнительная документация в строительстве»"
Исполнительная документация,Комплект ИД,Информационный,проектная исполнительная документация строительства,331,,,no-page,/baza-znanii/ispolnitelnaya-dokumentaciya-v-stroitelstve/,semantic-core.csv + файлы репозитория,"тот же интент, что «исполнительная документация в строительстве»"
Исполнительная документация,Комплект ИД,Информационный,исполнительная документация в строительстве капитальный ремонт,318,,,no-page,/baza-znanii/ispolnitelnaya-dokumentaciya-v-stroitelstve/,semantic-core.csv + файлы репозитория,"тот же интент, что «исполнительная документация в строительстве»"
Исполнительная документация,Комплект ИД,Информационный,министерство строительства исполнительная документация,313,,,no-page,/baza-znanii/ispolnitelnaya-dokumentaciya-v-stroitelstve/,semantic-core.csv + файлы репозитория,"тот же интент, что «исполнительная документация в строительстве»"
Исполнительная документация,Комплект ИД,Информационный,оформление исполнительной документации в строительстве,292,,,no-page,/baza-znanii/ispolnitelnaya-dokumentaciya-v-stroitelstve/,semantic-core.csv + файлы репозитория,"тот же интент, что «исполнительная документация в строительстве»"
Исполнительная документация,Комплект ИД,Информационный,рд исполнительная документация в строительстве,273,,,no-page,/baza-znanii/ispolnitelnaya-dokumentaciya-v-stroitelstve/,semantic-core.csv + файлы репозитория,"тот же интент, что «исполнительная документация в строительстве»"
Исполнительная документация,Комплект ИД,Информационный,акты исполнительной документации в строительстве,257,,,no-page,/baza-znanii/ispolnitelnaya-dokumentaciya-v-stroitelstve/,semantic-core.csv + файлы репозитория,"тот же интент, что «исполнительная документация в строительстве»"
Исполнительная документация,Комплект ИД,Информационный,инженерные сети строительство исполнительная документация,251,,,no-page,/baza-znanii/ispolnitelnaya-dokumentaciya-v-stroitelstve/,semantic-core.csv + файлы репозитория,"тот же интент, что «исполнительная документация в строительстве»"
Исполнительная документация,Комплект ИД,Информационный,исполнительная техническая документация при строительстве объектов,248,,,no-page,/baza-znanii/ispolnitelnaya-dokumentaciya-v-stroitelstve/,semantic-core.csv + файлы репозитория,"тот же интент, что «исполнительная документация в строительстве»"
Исполнительная документация,Комплект ИД,Информационный,что входит в исполнительную документацию в строительстве,223,,,no-page,/baza-znanii/ispolnitelnaya-dokumentaciya-v-stroitelstve/,semantic-core.csv + файлы репозитория,"тот же интент, что «исполнительная документация в строительстве»"
Исполнительная документация,Комплект ИД,Информационный,требования к исполнительной документации в строительстве,208,,,no-page,/baza-znanii/ispolnitelnaya-dokumentaciya-v-stroitelstve/,semantic-core.csv + файлы репозитория,"тот же интент, что «исполнительная документация в строительстве»"
Исполнительная документация,Комплект ИД,Информационный,исполнительная документация в строительстве 2026,208,,,no-page,/baza-znanii/ispolnitelnaya-dokumentaciya-v-stroitelstve/,semantic-core.csv + файлы репозитория,"тот же интент, что «исполнительная документация в строительстве»"
Исполнительная документация,Комплект ИД,Информационный,исполнительно техническая документация в строительстве,207,,,no-page,/baza-znanii/ispolnitelnaya-dokumentaciya-v-stroitelstve/,semantic-core.csv + файлы репозитория,"тот же интент, что «исполнительная документация в строительстве»"
Исполнительная документация,Комплект ИД,Информационный,реестр исполнительной документации в строительстве,183,,,no-page,/baza-znanii/ispolnitelnaya-dokumentaciya-v-stroitelstve/,semantic-core.csv + файлы репозитория,"тот же интент, что «исполнительная документация в строительстве»"
Исполнительная документация,Комплект ИД,Информационный,рд 11 исполнительная документация в строительстве,181,,,no-page,/baza-znanii/ispolnitelnaya-dokumentaciya-v-stroitelstve/,semantic-core.csv + файлы репозитория,"тот же интент, что «исполнительная документация в строительстве»"
Исполнительная документация,Комплект ИД,Информационный,рд исполнительная документация в строительстве 2006,178,,,no-page,/baza-znanii/ispolnitelnaya-dokumentaciya-v-stroitelstve/,semantic-core.csv + файлы репозитория,"тот же интент, что «исполнительная документация в строительстве»"
Исполнительная документация,Комплект ИД,Информационный,исполнительная геодезическая документация в строительстве,171,,,no-page,/baza-znanii/ispolnitelnaya-dokumentaciya-v-stroitelstve/,semantic-core.csv + файлы репозитория,"тот же интент, что «исполнительная документация в строительстве»"
Исполнительная документация,Комплект ИД,Информационный,исполнительная документация организация строительства,167,,,no-page,/baza-znanii/ispolnitelnaya-dokumentaciya-v-stroitelstve/,semantic-core.csv + файлы репозитория,"тот же интент, что «исполнительная документация в строительстве»"
Исполнительная документация,Комплект ИД,Информационный,состав исполнительной документации в строительстве 2025,149,,,no-page,/baza-znanii/ispolnitelnaya-dokumentaciya-v-stroitelstve/,semantic-core.csv + файлы репозитория,"тот же интент, что «исполнительная документация в строительстве»"
Исполнительная документация,Комплект ИД,Информационный,исполнительная документация в строительстве расшифровка,143,,,no-page,/baza-znanii/ispolnitelnaya-dokumentaciya-v-stroitelstve/,semantic-core.csv + файлы репозитория,"тот же интент, что «исполнительная документация в строительстве»"
Исполнительная документация,Комплект ИД,Информационный,подготовка исполнительной документации в строительстве,143,,,no-page,/baza-znanii/ispolnitelnaya-dokumentaciya-v-stroitelstve/,semantic-core.csv + файлы репозитория,"тот же интент, что «исполнительная документация в строительстве»"
Исполнительная документация,Комплект ИД,Информационный,ведение исполнительной документации по объекту строительства,142,,,no-page,/baza-znanii/ispolnitelnaya-dokumentaciya-v-stroitelstve/,semantic-core.csv + файлы репозитория,"тот же интент, что «исполнительная документация в строительстве»"
Исполнительная документация,Комплект ИД,Информационный,программа для исполнительной документации в строительстве,141,,,no-page,/baza-znanii/ispolnitelnaya-dokumentaciya-v-stroitelstve/,semantic-core.csv + файлы репозитория,"тот же интент, что «исполнительная документация в строительстве»"
Исполнительная документация,Комплект ИД,Информационный,формы исполнительной документации в строительстве,138,,,no-page,/baza-znanii/ispolnitelnaya-dokumentaciya-v-stroitelstve/,semantic-core.csv + файлы репозитория,"тот же интент, что «исполнительная документация в строительстве»"
Исполнительная документация,Комплект ИД,Информационный,исполнительная документация в строительстве 2023,137,,,no-page,/baza-znanii/ispolnitelnaya-dokumentaciya-v-stroitelstve/,semantic-core.csv + файлы репозитория,"тот же интент, что «исполнительная документация в строительстве»"
Исполнительная документация,Комплект ИД,Информационный,виды исполнительной документации в строительстве,137,,,no-page,/baza-znanii/ispolnitelnaya-dokumentaciya-v-stroitelstve/,semantic-core.csv + файлы репозитория,"тот же интент, что «исполнительная документация в строительстве»"
Исполнительная документация,Комплект ИД,Информационный,исполнительная документация в строительстве минстрой,136,,,no-page,/baza-znanii/ispolnitelnaya-dokumentaciya-v-stroitelstve/,semantic-core.csv + файлы репозитория,"тот же интент, что «исполнительная документация в строительстве»"
Исполнительная документация,Комплект ИД,Информационный,исполнительная документация законченного строительства,136,,,no-page,/baza-znanii/ispolnitelnaya-dokumentaciya-v-stroitelstve/,semantic-core.csv + файлы репозитория,"тот же интент, что «исполнительная документация в строительстве»"
Исполнительная документация,Комплект ИД,Информационный,электронная исполнительная документация в строительстве,130,,,no-page,/baza-znanii/ispolnitelnaya-dokumentaciya-v-stroitelstve/,semantic-core.csv + файлы репозитория,"тот же интент, что «исполнительная документация в строительстве»"
Исполнительная документация,Комплект ИД,Информационный,аорпи расшифровка в исполнительной документации в строительстве,128,,,no-page,/baza-znanii/ispolnitelnaya-dokumentaciya-v-stroitelstve/,semantic-core.csv + файлы репозитория,"тот же интент, что «исполнительная документация в строительстве»"
Исполнительная документация,Комплект ИД,Информационный,исполнительная документация строительство правила,126,,,no-page,/baza-znanii/ispolnitelnaya-dokumentaciya-v-stroitelstve/,semantic-core.csv + файлы репозитория,"тот же интент, что «исполнительная документация в строительстве»"
Исполнительная документация,Комплект ИД,Информационный,гост исполнительная геодезическая документация в строительстве,122,,,no-page,/baza-znanii/ispolnitelnaya-dokumentaciya-v-stroitelstve/,semantic-core.csv + файлы репозитория,"тот же интент, что «исполнительная документация в строительстве»"
Исполнительная документация,Комплект ИД,Информационный,исполнительная документация в строительстве акты работ,120,,,no-page,/baza-znanii/ispolnitelnaya-dokumentaciya-v-stroitelstve/,semantic-core.csv + файлы репозитория,"тот же интент, что «исполнительная документация в строительстве»"
Исполнительная документация,Комплект ИД,Информационный,хранение исполнительная документация в строительстве,111,,,no-page,/baza-znanii/ispolnitelnaya-dokumentaciya-v-stroitelstve/,semantic-core.csv + файлы репозитория,"тот же интент, что «исполнительная документация в строительстве»"
Исполнительная документация,Комплект ИД,Информационный,исполнительная документация в строительстве приказ минстроя,110,,,no-page,/baza-znanii/ispolnitelnaya-dokumentaciya-v-stroitelstve/,semantic-core.csv + файлы репозитория,"тот же интент, что «исполнительная документация в строительстве»"
Исполнительная документация,Комплект ИД,Проблемный информационный,порядок в исполнительной документации в строительстве,322,,,create,/baza-znanii/poryadok-v-ispolnitelnoi-dokumentacii-v-stroitelstve/,semantic-core.csv + файлы репозитория,
Исполнительная документация,Комплект ИД,Проблемный информационный,в строительстве какая исполнительная документация,307,,,no-page,/baza-znanii/poryadok-v-ispolnitelnoi-dokumentacii-v-stroitelstve/,semantic-core.csv + файлы репозитория,"тот же интент, что «порядок в исполнительной документации в строительстве»"
Исполнительная документация,Комплект ИД,Проблемный информационный,порядок ведения исполнительной документации в строительстве,285,,,no-page,/baza-znanii/poryadok-v-ispolnitelnoi-dokumentacii-v-stroitelstve/,semantic-core.csv + файлы репозитория,"тот же интент, что «порядок в исполнительной документации в строительстве»"
Исполнительная документация,Комплект ИД,Шаблон / лид-магнит,образец исполнительной документации в строительстве,268,,,create,/materialy/obrazec-ispolnitelnoi-dokumentacii-v-stroitelstve/,semantic-core.csv + файлы репозитория,
Исполнительная документация,Комплект ИД,Шаблон / лид-магнит,исполнительная документация в строительстве пример,140,,,no-page,/materialy/obrazec-ispolnitelnoi-dokumentacii-v-stroitelstve/,semantic-core.csv + файлы репозитория,"тот же интент, что «образец исполнительной документации в строительстве»"
Исполнительная документация,Комплект ИД,Шаблон / лид-магнит,исполнительная документация в строительстве скачать,114,,,no-page,/materialy/obrazec-ispolnitelnoi-dokumentacii-v-stroitelstve/,semantic-core.csv + файлы репозитория,"тот же интент, что «образец исполнительной документации в строительстве»"
КС и приёмка,Заказчик не подписывает КС-2,Проблемный информационный,заказчик не подписывает кс-2,,193,,create,,semantic-core.csv + файлы репозитория,"единственный запрос группы — страница будет тонкой, рассмотреть merge в соседнюю"
КС и приёмка,КС-2,Информационный,кс-2,,2045805,,create,,semantic-core.csv + файлы репозитория,"единственный запрос группы — страница будет тонкой, рассмотреть merge в соседнюю"
КС и приёмка,КС-2 / КС-3,Коммерческое исследование,проверка актов кс 2,137,,,create,/proverki/proverka-aktov-ks-2/,semantic-core.csv + файлы репозитория,
КС и приёмка,КС-2 / КС-3,Коммерческое исследование,проверка кс 2 кс 3,127,,,no-page,/proverki/proverka-aktov-ks-2/,semantic-core.csv + файлы репозитория,"тот же интент, что «проверка актов кс 2»"
КС и приёмка,КС-2 / КС-3,Коммерческое исследование,проверка работ кс 2,112,,,no-page,/proverki/proverka-aktov-ks-2/,semantic-core.csv + файлы репозитория,"тот же интент, что «проверка актов кс 2»"
КС и приёмка,КС-2 / КС-3,Коммерческое исследование,проверка форм кс 2,75,,,no-page,/proverki/proverka-aktov-ks-2/,semantic-core.csv + файлы репозитория,"тот же интент, что «проверка актов кс 2»"
КС и приёмка,КС-3,Информационный,кс-3,,75284,,create,,semantic-core.csv + файлы репозитория,"единственный запрос группы — страница будет тонкой, рассмотреть merge в соседнюю"
КС и приёмка,Отказ в приёмке работ,Проблемный информационный,отказ в приёмке работ,,773,,create,,semantic-core.csv + файлы репозитория,"единственный запрос группы — страница будет тонкой, рассмотреть merge в соседнюю"
КС и приёмка,Реестр замечаний,Информационный,реестр замечаний,,345,,create,,semantic-core.csv + файлы репозитория,"единственный запрос группы — страница будет тонкой, рассмотреть merge в соседнюю"
Неоплата,Взыскание долга подрядчика,Проблемный информационный,взыскание долга подрядчика,,41,,create,,semantic-core.csv + файлы репозитория,"единственный запрос группы — страница будет тонкой, рассмотреть merge в соседнюю"
Неоплата,Взыскание оплаты,Информационный,заказчик не оплачивает выполненные работы,837,,/articles/zakazchik-ne-oplachivaet-vypolnennye-raboty.html,keep,/articles/zakazchik-ne-oplachivaet-vypolnennye-raboty.html,semantic-core.csv + файлы репозитория,
Неоплата,Взыскание оплаты,Информационный,работы выполнены подрядчиком заказчик не оплатил,227,,/articles/zakazchik-ne-oplachivaet-vypolnennye-raboty.html,no-page,/articles/zakazchik-ne-oplachivaet-vypolnennye-raboty.html,semantic-core.csv + файлы репозитория,перенацелен на страницу носителя «заказчик не оплачивает выполненные работы»
Неоплата,Взыскание оплаты,Информационный,заказчик не оплачивает акты выполненных работ,154,,/articles/zakazchik-ne-oplachivaet-vypolnennye-raboty.html,no-page,/articles/zakazchik-ne-oplachivaet-vypolnennye-raboty.html,semantic-core.csv + файлы репозитория,перенацелен на страницу носителя «заказчик не оплачивает выполненные работы»
Неоплата,Взыскание оплаты,Информационный,заказчик не оплачивает выполненные работы по договору,152,,/articles/zakazchik-ne-oplachivaet-vypolnennye-raboty.html,no-page,/articles/zakazchik-ne-oplachivaet-vypolnennye-raboty.html,semantic-core.csv + файлы репозитория,перенацелен на страницу носителя «заказчик не оплачивает выполненные работы»
Неоплата,Кассовый разрыв подрядчика,Проблемный информационный,кассовый разрыв подрядчика,,5,,create,,semantic-core.csv + файлы репозитория,"единственный запрос группы — страница будет тонкой, рассмотреть merge в соседнюю"
Неоплата,Не оплачивают выполненные работы,Проблемный информационный,не оплачивают выполненные работы,,2472,,create,,semantic-core.csv + файлы репозитория,"единственный запрос группы — страница будет тонкой, рассмотреть merge в соседнюю"
Неоплата,Просрочка оплаты,Проблемный информационный,просрочка оплаты,,15150,,create,,semantic-core.csv + файлы репозитория,"единственный запрос группы — страница будет тонкой, рассмотреть merge в соседнюю"
Проектное финансирование,Банковское сопровождение,Информационный,банковское сопровождение,,5890,,create,,semantic-core.csv + файлы репозитория,"единственный запрос группы — страница будет тонкой, рассмотреть merge в соседнюю"
Проектное финансирование,График финансирования,Информационный,график финансирования,,1433,,create,,semantic-core.csv + файлы репозитория,"единственный запрос группы — страница будет тонкой, рассмотреть merge в соседнюю"
Проектное финансирование,Проектное финансирование строительства,Информационный,проектное финансирование строительства,,630,,create,,semantic-core.csv + файлы репозитория,"единственный запрос группы — страница будет тонкой, рассмотреть merge в соседнюю"
Сметы,Проверка сметы,Информационный,строительная смета,11477,,,create,/baza-znanii/stroitelnaya-smeta/,semantic-core.csv + файлы репозитория,
Сметы,Проверка сметы,Информационный,смета на строительные работы,3538,,,no-page,/baza-znanii/stroitelnaya-smeta/,semantic-core.csv + файлы репозитория,"тот же интент, что «строительная смета»"
Сметы,Проверка сметы,Информационный,строительная смета расценки,1762,,,no-page,/baza-znanii/stroitelnaya-smeta/,semantic-core.csv + файлы репозитория,"тот же интент, что «строительная смета»"
Сметы,Проверка сметы,Информационный,строительный мусор в смете,1728,,,no-page,/baza-znanii/stroitelnaya-smeta/,semantic-core.csv + файлы репозитория,"тот же интент, что «строительная смета»"
Сметы,Проверка сметы,Информационный,строительный мусор расценка в смете,889,,,no-page,/baza-znanii/stroitelnaya-smeta/,semantic-core.csv + файлы репозитория,"тот же интент, что «строительная смета»"
Сметы,Проверка сметы,Информационный,составить строительную смету,591,,,no-page,/baza-znanii/stroitelnaya-smeta/,semantic-core.csv + файлы репозитория,"тот же интент, что «строительная смета»"
Сметы,Проверка сметы,Информационный,составление строительной сметы,589,,,no-page,/baza-znanii/stroitelnaya-smeta/,semantic-core.csv + файлы репозитория,"тот же интент, что «строительная смета»"
Сметы,Проверка сметы,Информационный,строительная смета 2026,553,,,no-page,/baza-znanii/stroitelnaya-smeta/,semantic-core.csv + файлы репозитория,"тот же интент, что «строительная смета»"
Сметы,Проверка сметы,Информационный,смета строительно монтажная,514,,,no-page,/baza-znanii/stroitelnaya-smeta/,semantic-core.csv + файлы репозитория,"тот же интент, что «строительная смета»"
Сметы,Проверка сметы,Информационный,смета строительных материалов,475,,,no-page,/baza-znanii/stroitelnaya-smeta/,semantic-core.csv + файлы репозитория,"тот же интент, что «строительная смета»"
Сметы,Проверка сметы,Информационный,строительная смета цены,458,,,no-page,/baza-znanii/stroitelnaya-smeta/,semantic-core.csv + файлы репозитория,"тот же интент, что «строительная смета»"
Сметы,Проверка сметы,Информационный,составляющие строительной сметы на работы,450,,,no-page,/baza-znanii/stroitelnaya-smeta/,semantic-core.csv + файлы репозитория,"тот же интент, что «строительная смета»"
Сметы,Проверка сметы,Информационный,строительная гранд смета,394,,,no-page,/baza-znanii/stroitelnaya-smeta/,semantic-core.csv + файлы репозитория,"тот же интент, что «строительная смета»"
Сметы,Проверка сметы,Информационный,составление сметы на строительные работы,365,,,no-page,/baza-znanii/stroitelnaya-smeta/,semantic-core.csv + файлы репозитория,"тот же интент, что «строительная смета»"
Сметы,Проверка сметы,Информационный,строительные леса в смете,355,,,no-page,/baza-znanii/stroitelnaya-smeta/,semantic-core.csv + файлы репозитория,"тот же интент, что «строительная смета»"
Сметы,Проверка сметы,Информационный,расчет строительной сметы,352,,,no-page,/baza-znanii/stroitelnaya-smeta/,semantic-core.csv + файлы репозитория,"тот же интент, что «строительная смета»"
Сметы,Проверка сметы,Информационный,бесплатные строительные сметы,317,,,no-page,/baza-znanii/stroitelnaya-smeta/,semantic-core.csv + файлы репозитория,"тот же интент, что «строительная смета»"
Сметы,Проверка сметы,Информационный,строительный мусор расценка в смете гэсн,313,,,no-page,/baza-znanii/stroitelnaya-smeta/,semantic-core.csv + файлы репозитория,"тот же интент, что «строительная смета»"
Сметы,Проверка сметы,Информационный,смета на строительные работы 2026,312,,,no-page,/baza-znanii/stroitelnaya-smeta/,semantic-core.csv + файлы репозитория,"тот же интент, что «строительная смета»"
Сметы,Проверка сметы,Информационный,смета строительный подряд,286,,,no-page,/baza-znanii/stroitelnaya-smeta/,semantic-core.csv + файлы репозитория,"тот же интент, что «строительная смета»"
Сметы,Проверка сметы,Информационный,погрузка мусора строительного смета,280,,,no-page,/baza-znanii/stroitelnaya-smeta/,semantic-core.csv + файлы репозитория,"тот же интент, что «строительная смета»"
Сметы,Проверка сметы,Информационный,смета договора строительного подряда,259,,,no-page,/baza-znanii/stroitelnaya-smeta/,semantic-core.csv + файлы репозитория,"тот же интент, что «строительная смета»"
Сметы,Проверка сметы,Информационный,вывоз строительного мусора смета,255,,,no-page,/baza-znanii/stroitelnaya-smeta/,semantic-core.csv + файлы репозитория,"тот же интент, что «строительная смета»"
Сметы,Проверка сметы,Информационный,смета на строительно монтажные работы,254,,,no-page,/baza-znanii/stroitelnaya-smeta/,semantic-core.csv + файлы репозитория,"тот же интент, что «строительная смета»"
Сметы,Проверка сметы,Информационный,договор смета строительных работ,254,,,no-page,/baza-znanii/stroitelnaya-smeta/,semantic-core.csv + файлы репозитория,"тот же интент, что «строительная смета»"
Сметы,Проверка сметы,Информационный,строительный контроль в смете,252,,,no-page,/baza-znanii/stroitelnaya-smeta/,semantic-core.csv + файлы репозитория,"тот же интент, что «строительная смета»"
Сметы,Проверка сметы,Информационный,смета на строительные работы бесплатно,242,,,no-page,/baza-znanii/stroitelnaya-smeta/,semantic-core.csv + файлы репозитория,"тот же интент, что «строительная смета»"
Сметы,Проверка сметы,Информационный,строительно ремонтные сметы,238,,,no-page,/baza-znanii/stroitelnaya-smeta/,semantic-core.csv + файлы репозитория,"тот же интент, что «строительная смета»"
Сметы,Проверка сметы,Информационный,смета строительных расходов,233,,,no-page,/baza-znanii/stroitelnaya-smeta/,semantic-core.csv + файлы репозитория,"тот же интент, что «строительная смета»"
Сметы,Проверка сметы,Информационный,вес строительного мусора в смете,231,,,no-page,/baza-znanii/stroitelnaya-smeta/,semantic-core.csv + файлы репозитория,"тот же интент, что «строительная смета»"
Сметы,Проверка сметы,Информационный,программа для сметы строительных,219,,,no-page,/baza-znanii/stroitelnaya-smeta/,semantic-core.csv + файлы репозитория,"тот же интент, что «строительная смета»"
Сметы,Проверка сметы,Информационный,строительно ремонтные работы смета,206,,,no-page,/baza-znanii/stroitelnaya-smeta/,semantic-core.csv + файлы репозитория,"тот же интент, что «строительная смета»"
Сметы,Проверка сметы,Информационный,локальная смета строительные,206,,,no-page,/baza-znanii/stroitelnaya-smeta/,semantic-core.csv + файлы репозитория,"тот же интент, что «строительная смета»"
Сметы,Проверка сметы,Информационный,погрузка строительного мусора расценка в смете,202,,,no-page,/baza-znanii/stroitelnaya-smeta/,semantic-core.csv + файлы репозитория,"тот же интент, что «строительная смета»"
Сметы,Проверка сметы,Информационный,строительная смета онлайн,198,,,no-page,/baza-znanii/stroitelnaya-smeta/,semantic-core.csv + файлы репозитория,"тот же интент, что «строительная смета»"
Сметы,Проверка сметы,Информационный,мусор строительный вес 1 м3 в смете,190,,,no-page,/baza-znanii/stroitelnaya-smeta/,semantic-core.csv + файлы репозитория,"тот же интент, что «строительная смета»"
Сметы,Проверка сметы,Информационный,леса строительные расценка в смете,187,,,no-page,/baza-znanii/stroitelnaya-smeta/,semantic-core.csv + файлы репозитория,"тот же интент, что «строительная смета»"
Сметы,Проверка сметы,Информационный,смета строительного объекта,181,,,no-page,/baza-znanii/stroitelnaya-smeta/,semantic-core.csv + файлы репозитория,"тот же интент, что «строительная смета»"
Сметы,Проверка сметы,Информационный,шаблон строительной сметы,170,,,no-page,/baza-znanii/stroitelnaya-smeta/,semantic-core.csv + файлы репозитория,"тот же интент, что «строительная смета»"
Сметы,Проверка сметы,Информационный,строительные организации смета,169,,,no-page,/baza-znanii/stroitelnaya-smeta/,semantic-core.csv + файлы репозитория,"тот же интент, что «строительная смета»"
Сметы,Проверка сметы,Коммерческий,стоимость строительной сметы,472,,,create,/proverki/stoimost-stroitelnoi-smety/,semantic-core.csv + файлы репозитория,
Сметы,Проверка сметы,Коммерческий,цена сметы на строительные работы,198,,,no-page,/proverki/stoimost-stroitelnoi-smety/,semantic-core.csv + файлы репозитория,"тот же интент, что «стоимость строительной сметы»"
Сметы,Проверка сметы,Проблемный информационный,как составить смету на строительные работы,293,,,create,/baza-znanii/kak-sostavit-smetu-na-stroitelnye-raboty/,semantic-core.csv + файлы репозитория,
Сметы,Проверка сметы,Проблемный информационный,как самому составлять строительные сметы,176,,,no-page,/baza-znanii/kak-sostavit-smetu-na-stroitelnye-raboty/,semantic-core.csv + файлы репозитория,"тот же интент, что «как составить смету на строительные работы»"
Сметы,Проверка сметы,Проблемный информационный,как составить смету на строительные работы самому,174,,,no-page,/baza-znanii/kak-sostavit-smetu-na-stroitelnye-raboty/,semantic-core.csv + файлы репозитория,"тот же интент, что «как составить смету на строительные работы»"
Сметы,Проверка сметы,Шаблон / лид-магнит,смета строительная образец,900,,,create,/materialy/smeta-stroitelnaya-obrazec/,semantic-core.csv + файлы репозитория,
Сметы,Проверка сметы,Шаблон / лид-магнит,смета строительных работ образец,703,,,no-page,/materialy/smeta-stroitelnaya-obrazec/,semantic-core.csv + файлы репозитория,"тот же интент, что «смета строительная образец»"
Сметы,Проверка сметы,Шаблон / лид-магнит,строительный смета скачать,317,,,no-page,/materialy/smeta-stroitelnaya-obrazec/,semantic-core.csv + файлы репозитория,"тот же интент, что «смета строительная образец»"
Сметы,Проверка сметы,Шаблон / лид-магнит,пример строительной сметы,248,,,no-page,/materialy/smeta-stroitelnaya-obrazec/,semantic-core.csv + файлы репозитория,"тот же интент, что «смета строительная образец»"
Сметы,Проверка сметы,Шаблон / лид-магнит,скачать смету на строительные работы,202,,,no-page,/materialy/smeta-stroitelnaya-obrazec/,semantic-core.csv + файлы репозитория,"тот же интент, что «смета строительная образец»"
Удержания,Гарантийное удержание,Информационный,гарантийное удержание,4917,,,create,/baza-znanii/garantiinoe-uderzhanie/,semantic-core.csv + файлы репозитория,
Удержания,Гарантийное удержание,Информационный,гарантийное удержание по договору,781,,,no-page,/baza-znanii/garantiinoe-uderzhanie/,semantic-core.csv + файлы репозитория,"тот же интент, что «гарантийное удержание»"
Удержания,Гарантийное удержание,Информационный,гарантийное удержание подряд,699,,,no-page,/baza-znanii/garantiinoe-uderzhanie/,semantic-core.csv + файлы репозитория,"тот же интент, что «гарантийное удержание»"
Удержания,Гарантийное удержание,Информационный,гарантийное удержание в 1с,588,,,no-page,/baza-znanii/garantiinoe-uderzhanie/,semantic-core.csv + файлы репозитория,"тот же интент, что «гарантийное удержание»"
Удержания,Гарантийное удержание,Информационный,гарантийное удержание подрядчика,499,,,no-page,/baza-znanii/garantiinoe-uderzhanie/,semantic-core.csv + файлы репозитория,"тот же интент, что «гарантийное удержание»"
Удержания,Гарантийное удержание,Информационный,счет гарантийного удержания,490,,,no-page,/baza-znanii/garantiinoe-uderzhanie/,semantic-core.csv + файлы репозитория,"тот же интент, что «гарантийное удержание»"
Удержания,Гарантийное удержание,Информационный,гарантийное удержание заказчика,443,,,no-page,/baza-znanii/garantiinoe-uderzhanie/,semantic-core.csv + файлы репозитория,"тот же интент, что «гарантийное удержание»"
Удержания,Гарантийное удержание,Информационный,гарантийное удержание проводки,390,,,no-page,/baza-znanii/garantiinoe-uderzhanie/,semantic-core.csv + файлы репозитория,"тот же интент, что «гарантийное удержание»"
Удержания,Гарантийное удержание,Информационный,гарантийные удержания ндс,370,,,no-page,/baza-znanii/garantiinoe-uderzhanie/,semantic-core.csv + файлы репозитория,"тот же интент, что «гарантийное удержание»"
Удержания,Гарантийное удержание,Информационный,сумма гарантийных удержаний,362,,,no-page,/baza-znanii/garantiinoe-uderzhanie/,semantic-core.csv + файлы репозитория,"тот же интент, что «гарантийное удержание»"
Удержания,Гарантийное удержание,Информационный,гарантийные удержания в 1с 8.3,238,,,no-page,/baza-znanii/garantiinoe-uderzhanie/,semantic-core.csv + файлы репозитория,"тот же интент, что «гарантийное удержание»"
Удержания,Гарантийное удержание,Информационный,оплата гарантийного удержания,206,,,no-page,/baza-znanii/garantiinoe-uderzhanie/,semantic-core.csv + файлы репозитория,"тот же интент, что «гарантийное удержание»"
Удержания,Гарантийное удержание,Информационный,учет гарантийного удержания,193,,,no-page,/baza-znanii/garantiinoe-uderzhanie/,semantic-core.csv + файлы репозитория,"тот же интент, что «гарантийное удержание»"
Удержания,Гарантийное удержание,Информационный,письмо гарантийное удержание,183,,,no-page,/baza-znanii/garantiinoe-uderzhanie/,semantic-core.csv + файлы репозитория,"тот же интент, что «гарантийное удержание»"
Удержания,Гарантийное удержание,Информационный,гарантийное удержание в кс,143,,,no-page,/baza-znanii/garantiinoe-uderzhanie/,semantic-core.csv + файлы репозитория,"тот же интент, что «гарантийное удержание»"
Удержания,Гарантийное удержание,Информационный,гарантийные удержания в 1с у подрядчика,141,,,no-page,/baza-znanii/garantiinoe-uderzhanie/,semantic-core.csv + файлы репозитория,"тот же интент, что «гарантийное удержание»"
Удержания,Гарантийное удержание,Информационный,проводка в 1с гарантийное удержание,140,,,no-page,/baza-znanii/garantiinoe-uderzhanie/,semantic-core.csv + файлы репозитория,"тот же интент, что «гарантийное удержание»"
Удержания,Гарантийное удержание,Информационный,гарантийное удержание по договору подряда что это,137,,,no-page,/baza-znanii/garantiinoe-uderzhanie/,semantic-core.csv + файлы репозитория,"тот же интент, что «гарантийное удержание»"
Удержания,Гарантийное удержание,Информационный,гарантийное удержание 5,134,,,no-page,/baza-znanii/garantiinoe-uderzhanie/,semantic-core.csv + файлы репозитория,"тот же интент, что «гарантийное удержание»"
Удержания,Гарантийное удержание,Информационный,выплата гарантийных удержаний,131,,,no-page,/baza-znanii/garantiinoe-uderzhanie/,semantic-core.csv + файлы репозитория,"тот же интент, что «гарантийное удержание»"
Удержания,Гарантийное удержание,Информационный,зачет гарантийного удержания,126,,,no-page,/baza-znanii/garantiinoe-uderzhanie/,semantic-core.csv + файлы репозитория,"тот же интент, что «гарантийное удержание»"
Удержания,Гарантийное удержание,Информационный,удержание гарантийных обязательств,121,,,no-page,/baza-znanii/garantiinoe-uderzhanie/,semantic-core.csv + файлы репозитория,"тот же интент, что «гарантийное удержание»"
Удержания,Гарантийное удержание,Информационный,гарантийные удержания по договору строительного,118,,,no-page,/baza-znanii/garantiinoe-uderzhanie/,semantic-core.csv + файлы репозитория,"тот же интент, что «гарантийное удержание»"
Удержания,Гарантийное удержание,Информационный,без гарантийного удержания,113,,,no-page,/baza-znanii/garantiinoe-uderzhanie/,semantic-core.csv + файлы репозитория,"тот же интент, что «гарантийное удержание»"
Удержания,Гарантийное удержание,Информационный,гарантийные удержания по договору строительного подряда,105,,,no-page,/baza-znanii/garantiinoe-uderzhanie/,semantic-core.csv + файлы репозитория,"тот же интент, что «гарантийное удержание»"
Удержания,Гарантийное удержание,Информационный,гарантийные удержания у подрядчика проводки,104,,,no-page,/baza-znanii/garantiinoe-uderzhanie/,semantic-core.csv + файлы репозитория,"тот же интент, что «гарантийное удержание»"
Удержания,Гарантийное удержание,Информационный,гарантийное удержание в 1с бухгалтерия,102,,,no-page,/baza-znanii/garantiinoe-uderzhanie/,semantic-core.csv + файлы репозитория,"тот же интент, что «гарантийное удержание»"
Удержания,Гарантийное удержание,Информационный,бухучет гарантийного удержания,98,,,no-page,/baza-znanii/garantiinoe-uderzhanie/,semantic-core.csv + файлы репозитория,"тот же интент, что «гарантийное удержание»"
Удержания,Гарантийное удержание,Информационный,процент гарантийного удержания,97,,,no-page,/baza-znanii/garantiinoe-uderzhanie/,semantic-core.csv + файлы репозитория,"тот же интент, что «гарантийное удержание»"
Удержания,Гарантийное удержание,Информационный,гарантийное удержание в кс 3,93,,,no-page,/baza-znanii/garantiinoe-uderzhanie/,semantic-core.csv + файлы репозитория,"тот же интент, что «гарантийное удержание»"
Удержания,Гарантийное удержание,Информационный,гарантийное удержание в 1с бухгалтерия 8.3,91,,,no-page,/baza-znanii/garantiinoe-uderzhanie/,semantic-core.csv + файлы репозитория,"тот же интент, что «гарантийное удержание»"
Удержания,Гарантийное удержание,Информационный,гарантийное удержание облагается ндс,76,,,no-page,/baza-znanii/garantiinoe-uderzhanie/,semantic-core.csv + файлы репозитория,"тот же интент, что «гарантийное удержание»"
Удержания,Гарантийное удержание,Информационный,гарантийное удержание банковская гарантия,71,,,no-page,/baza-znanii/garantiinoe-uderzhanie/,semantic-core.csv + файлы репозитория,"тот же интент, что «гарантийное удержание»"
Удержания,Гарантийное удержание,Информационный,гарантийное удержание у заказчика проводки,70,,,no-page,/baza-znanii/garantiinoe-uderzhanie/,semantic-core.csv + файлы репозитория,"тот же интент, что «гарантийное удержание»"
Удержания,Гарантийное удержание,Информационный,условия гарантийного удержания,68,,,no-page,/baza-znanii/garantiinoe-uderzhanie/,semantic-core.csv + файлы репозитория,"тот же интент, что «гарантийное удержание»"
Удержания,Гарантийное удержание,Информационный,гарантийные удержания с аванса,65,,,no-page,/baza-znanii/garantiinoe-uderzhanie/,semantic-core.csv + файлы репозитория,"тот же интент, что «гарантийное удержание»"
Удержания,Гарантийное удержание,Информационный,гарантийные удержания проводки в бухучете,63,,,no-page,/baza-znanii/garantiinoe-uderzhanie/,semantic-core.csv + файлы репозитория,"тот же интент, что «гарантийное удержание»"
Удержания,Гарантийное удержание,Информационный,размер гарантийного удержания,61,,,no-page,/baza-znanii/garantiinoe-uderzhanie/,semantic-core.csv + файлы репозитория,"тот же интент, что «гарантийное удержание»"
Удержания,Гарантийное удержание,Проблемный информационный,возврат гарантийного удержания,442,,,create,/baza-znanii/vozvrat-garantiinogo-uderzhaniya/,semantic-core.csv + файлы репозитория,
Удержания,Гарантийное удержание,Проблемный информационный,как отразить гарантийное удержание,206,,,no-page,/baza-znanii/vozvrat-garantiinogo-uderzhaniya/,semantic-core.csv + файлы репозитория,"тот же интент, что «возврат гарантийного удержания»"
Удержания,Гарантийное удержание,Проблемный информационный,срок гарантийного удержания,196,,,no-page,/baza-znanii/vozvrat-garantiinogo-uderzhaniya/,semantic-core.csv + файлы репозитория,"тот же интент, что «возврат гарантийного удержания»"
Удержания,Гарантийное удержание,Проблемный информационный,как в 1с отразить гарантийное удержание,121,,,no-page,/baza-znanii/vozvrat-garantiinogo-uderzhaniya/,semantic-core.csv + файлы репозитория,"тот же интент, что «возврат гарантийного удержания»"
Удержания,Гарантийное удержание,Проблемный информационный,как проводить гарантийное удержание,111,,,no-page,/baza-znanii/vozvrat-garantiinogo-uderzhaniya/,semantic-core.csv + файлы репозитория,"тот же интент, что «возврат гарантийного удержания»"
Удержания,Гарантийное удержание,Проблемный информационный,гарантийные удержания какой счет,105,,,no-page,/baza-znanii/vozvrat-garantiinogo-uderzhaniya/,semantic-core.csv + файлы репозитория,"тот же интент, что «возврат гарантийного удержания»"
Удержания,Гарантийное удержание,Проблемный информационный,возврат гарантийного удержания по договору подряда,96,,,no-page,/baza-znanii/vozvrat-garantiinogo-uderzhaniya/,semantic-core.csv + файлы репозитория,"тот же интент, что «возврат гарантийного удержания»"
Удержания,Гарантийное удержание,Проблемный информационный,как в 1с провести гарантийное удержание,81,,,no-page,/baza-znanii/vozvrat-garantiinogo-uderzhaniya/,semantic-core.csv + файлы репозитория,"тот же интент, что «возврат гарантийного удержания»"
Удержания,Гарантийное удержание,Проблемный информационный,как учесть гарантийные удержания,79,,,no-page,/baza-znanii/vozvrat-garantiinogo-uderzhaniya/,semantic-core.csv + файлы репозитория,"тот же интент, что «возврат гарантийного удержания»"
Удержания,Гарантийное удержание,Проблемный информационный,как подрядчику отразить гарантийное удержание,58,,,no-page,/baza-znanii/vozvrat-garantiinogo-uderzhaniya/,semantic-core.csv + файлы репозитория,"тот же интент, что «возврат гарантийного удержания»"
Удержания,Гарантийное удержание,Шаблон / лид-магнит,возврат гарантийного удержания образец,67,,,create,/materialy/vozvrat-garantiinogo-uderzhaniya-obrazec/,semantic-core.csv + файлы репозитория,
Удержания,Гарантийное удержание,Шаблон / лид-магнит,гарантийное удержание пример,57,,,no-page,/materialy/vozvrat-garantiinogo-uderzhaniya-obrazec/,semantic-core.csv + файлы репозитория,"тот же интент, что «возврат гарантийного удержания образец»"
