Контур,Запрос-кандидат,Оценка автора,Интент,Канал / продукт,Точная частотность,Период,Регион / устройства,Статус,Примечание
Договор,договор подряда образец,ВЧ,Шаблон,Пакет «Договор подряда»,704,19.06.2026 – 18.07.2026,Россия / Все,Проверено Wordstat,кавычки — фиксированный состав фразы
Договор,договор строительного подряда образец,ВЧ,Шаблон,Пакет «Договор подряда»,193,19.06.2026 – 18.07.2026,Россия / Все,Проверено Wordstat,кавычки — фиксированный состав фразы
Договор,договор субподряда образец скачать,СЧ,Шаблон,Пакет «Договор подряда»,4,19.06.2026 – 18.07.2026,Россия / Все,Проверено Wordstat,кавычки — фиксированный состав фразы
Договор,протокол разногласий к договору образец,СЧ,Шаблон,Сайт + Дзен,613,19.06.2026 – 18.07.2026,Россия / Все,Проверено Wordstat,кавычки — фиксированный состав фразы
Договор,опасные условия договора подряда,НЧ,Информационный,Дзен,0,19.06.2026 – 19.07.2026,Россия / Все,Проверено Wordstat,кавычки — фиксированный состав фразы
Договор,оплата после получения денег от заказчика законно ли,НЧ,Проблемный,Дзен,0,19.06.2026 – 19.07.2026,Россия / Все,Проверено Wordstat,кавычки — фиксированный состав фразы
Договор,аванс по договору подряда возврат,СЧ,Проблемный,Дзен,12,19.06.2026 – 18.07.2026,Россия / Все,Проверено Wordstat,кавычки — фиксированный состав фразы
Договор,неустойка по договору подряда за просрочку,СЧ,Информационный,Дзен,2,19.06.2026 – 18.07.2026,Россия / Все,Проверено Wordstat,кавычки — фиксированный состав фразы
Договор,гарантийное удержание по договору подряда,СЧ,Проблемный,Дзен + сайт,12,19.06.2026 – 18.07.2026,Россия / Все,Проверено Wordstat,кавычки — фиксированный состав фразы
Договор,банковская гарантия вместо гарантийного удержания,НЧ,Информационный,Дзен,0,19.06.2026 – 19.07.2026,Россия / Все,Проверено Wordstat,кавычки — фиксированный состав фразы
Фиксация,акт освидетельствования скрытых работ образец,ВЧ,Шаблон,Пакет ПТО,0,19.06.2026 – 19.07.2026,Россия / Все,Проверено Wordstat,кавычки — фиксированный состав фразы
Фиксация,исполнительная документация в строительстве перечень,ВЧ,Информационный,Дзен + сайт,158,19.06.2026 – 18.07.2026,Россия / Все,Проверено Wordstat,кавычки — фиксированный состав фразы
Фиксация,общий журнал работ образец заполнения,ВЧ,Шаблон,Сайт,199,19.06.2026 – 18.07.2026,Россия / Все,Проверено Wordstat,кавычки — фиксированный состав фразы
Фиксация,журнал учета выполненных работ кс-6а,СЧ,Шаблон,Сайт,39,19.06.2026 – 18.07.2026,Россия / Все,Проверено Wordstat,кавычки — фиксированный состав фразы
Фиксация,дополнительные работы по договору подряда оплата,СЧ,Проблемный,Дзен,1,19.06.2026 – 18.07.2026,Россия / Все,Проверено Wordstat,кавычки — фиксированный состав фразы
Фиксация,дополнительное соглашение к договору подряда образец,ВЧ,Шаблон,Пакет «Допработы»,68,19.06.2026 – 18.07.2026,Россия / Все,Проверено Wordstat,кавычки — фиксированный состав фразы
Фиксация,письмо о согласовании дополнительных работ образец,НЧ,Шаблон + проблема,Сайт,0,19.06.2026 – 19.07.2026,Россия / Все,Проверено Wordstat,кавычки — фиксированный состав фразы
Фиксация,заказчик не подписывает допсоглашение,НЧ,Проблемный,Дзен,0,19.06.2026 – 19.07.2026,Россия / Все,Проверено Wordstat,кавычки — фиксированный состав фразы
Фиксация,входной контроль материалов в строительстве,СЧ,Информационный,Дзен + пакет ПТО,134,19.06.2026 – 18.07.2026,Россия / Все,Проверено Wordstat,кавычки — фиксированный состав фразы
Фиксация,фотофиксация скрытых работ требования,НЧ,Информационный,Дзен,0,19.06.2026 – 19.07.2026,Россия / Все,Проверено Wordstat,кавычки — фиксированный состав фразы
Сдача,кс-2 образец заполнения,ВЧ,Шаблон,Пакет «Закрытие работ»,104,19.06.2026 – 18.07.2026,Россия / Все,Проверено Wordstat,кавычки — фиксированный состав фразы
Сдача,кс-3 образец заполнения,ВЧ,Шаблон,Пакет «Закрытие работ»,319,19.06.2026 – 18.07.2026,Россия / Все,Проверено Wordstat,кавычки — фиксированный состав фразы
Сдача,акт выполненных работ образец,ВЧ,Шаблон,Сайт,4928,19.06.2026 – 18.07.2026,Россия / Все,Проверено Wordstat,кавычки — фиксированный состав фразы
Сдача,акт приемки выполненных работ в строительстве,ВЧ,Шаблон,Сайт,15,19.06.2026 – 18.07.2026,Россия / Все,Проверено Wordstat,кавычки — фиксированный состав фразы
Сдача,заказчик не подписывает акт выполненных работ,СЧ,Проблемный,Дзен,0,,Россия / Все,Проверено Wordstat,кавычки — фиксированный состав фразы
Сдача,мотивированный отказ от подписания акта образец,НЧ,Шаблон + проблема,Сайт,0,19.06.2026 – 19.07.2026,Россия / Все,Проверено Wordstat,кавычки — фиксированный состав фразы
Сдача,односторонний акт выполненных работ судебная практика,НЧ,Проблемный,Дзен,0,19.06.2026 – 19.07.2026,Россия / Все,Проверено Wordstat,кавычки — фиксированный состав фразы
Сдача,уведомление о готовности к сдаче работ образец,НЧ,Шаблон + проблема,Сайт / лид-магнит,0,19.06.2026 – 19.07.2026,Россия / Все,Проверено Wordstat,кавычки — фиксированный состав фразы
Сдача,срок подписания кс-2 заказчиком,НЧ,Проблемный,Дзен,0,19.06.2026 – 19.07.2026,Россия / Все,Проверено Wordstat,кавычки — фиксированный состав фразы
Сдача,замечания заказчика при приемке работ,НЧ,Проблемный,Дзен,0,19.06.2026 – 19.07.2026,Россия / Все,Проверено Wordstat,кавычки — фиксированный состав фразы
Деньги,заказчик не платит за выполненные работы что делать,СЧ,Проблемный,Диагностика,20,19.06.2026 – 19.07.2026,Россия / Все,Проверено Wordstat,кавычки — фиксированный состав фразы
Деньги,взыскание задолженности по договору подряда,СЧ,Коммерческий,Сайт,20,19.06.2026 – 19.07.2026,Россия / Все,Проверено Wordstat,кавычки — фиксированный состав фразы
Деньги,претензия по договору подряда образец,ВЧ,Шаблон,Сайт,,,Россия / Все,Повторная проверка,кавычки — фиксированный состав фразы
Деньги,досудебная претензия о взыскании задолженности образец,СЧ,Шаблон,Сайт,0,,Россия / Все,Проверено Wordstat,кавычки — фиксированный состав фразы
Деньги,проценты по 395 гк рф калькулятор,ВЧ,Инструмент,Калькулятор,,,Россия / Все,Повторная проверка,кавычки — фиксированный состав фразы
Деньги,неустойка за просрочку оплаты выполненных работ,СЧ,Проблемный,Дзен,0,,Россия / Все,Проверено Wordstat,кавычки — фиксированный состав фразы
Деньги,возврат гарантийного удержания по договору подряда,НЧ,Проблемный,Дзен + сайт,0,,Россия / Все,Проверено Wordstat,кавычки — фиксированный состав фразы
Деньги,банкротство заказчика включение в реестр кредиторов,СЧ,Проблемный,Дзен,0,20.06.2026 – 20.07.2026,Россия / Все,Проверено Wordstat,кавычки — фиксированный состав фразы
Деньги,кассовый разрыв в строительной компании,НЧ,Проблемный,Дзен,0,19.06.2026 – 19.07.2026,Россия / Все,Проверено Wordstat,кавычки — фиксированный состав фразы
Деньги,подрядчик банкрот гарантийное удержание,НЧ,Проблемный,Дзен,0,19.06.2026 – 19.07.2026,Россия / Все,Проверено Wordstat,кавычки — фиксированный состав фразы
Отраслевой охват,смета на строительные работы,ВЧ,Информационный,Дзен / сметы,0,19.06.2026 – 19.07.2026,Россия / Все,Проверено Wordstat,кавычки — фиксированный состав фразы
Отраслевой охват,накладные расходы и сметная прибыль в смете,СЧ,Информационный,Дзен / сметы,0,20.06.2026 – 20.07.2026,Россия / Все,Проверено Wordstat,кавычки — фиксированный состав фразы
Отраслевой охват,техническое задание на строительные работы,ВЧ,Информационный,Дзен,0,,Россия / Все,Проверено Wordstat,кавычки — фиксированный состав фразы
Отраслевой охват,строительный контроль технадзор функции,СЧ,Информационный,Дзен,,,Россия / Все,Повторная проверка,кавычки — фиксированный состав фразы
Отраслевой охват,тендеры на строительство как участвовать,ВЧ,Информационный,Дзен,0,,Россия / Все,Проверено Wordstat,кавычки — фиксированный состав фразы
Отраслевой охват,субподряд как найти объекты,СЧ,Информационный,Дзен,,,Россия / Все,Повторная проверка,кавычки — фиксированный состав фразы
Отраслевой охват,стройка без проекта последствия,НЧ,Информационный,Дзен,0,19.06.2026 – 19.07.2026,Россия / Все,Проверено Wordstat,кавычки — фиксированный состав фразы
Отраслевой охват,прораб обязанности ответственность,ВЧ,Информационный,Дзен,0,19.06.2026 – 19.07.2026,Россия / Все,Проверено Wordstat,кавычки — фиксированный состав фразы
