Seed query,Запрос,Частотность,Регион,Период,Тип,Источник
проверка договора подряда,проверка договора подряда,254,Россия,19.06.2026 – 18.07.2026,Популярные,https://wordstat.yandex.ru/
исполнительная документация строительство,исполнительная документация в строительстве,9155,Россия,19.06.2026 – 18.07.2026,Популярные,https://wordstat.yandex.ru/
исполнительная документация строительство,исполнительная документация капитального строительства,1845,Россия,19.06.2026 – 18.07.2026,Популярные,https://wordstat.yandex.ru/
исполнительная документация строительство,исполнительная документация объекта капитального строительства,1756,Россия,19.06.2026 – 18.07.2026,Популярные,https://wordstat.yandex.ru/
исполнительная документация строительство,исполнительная документация при строительстве объектов,1567,Россия,19.06.2026 – 18.07.2026,Популярные,https://wordstat.yandex.ru/
исполнительная документация строительство,приказ 344 исполнительная документация в строительстве,750,Россия,19.06.2026 – 18.07.2026,Популярные,https://wordstat.yandex.ru/
исполнительная документация строительство,состав исполнительной документации в строительстве,700,Россия,19.06.2026 – 18.07.2026,Популярные,https://wordstat.yandex.ru/
исполнительная документация строительство,ведение исполнительной документации в строительстве,641,Россия,19.06.2026 – 18.07.2026,Популярные,https://wordstat.yandex.ru/
исполнительная документация строительство,перечень исполнительной документации в строительстве,472,Россия,19.06.2026 – 18.07.2026,Популярные,https://wordstat.yandex.ru/
исполнительная документация строительство,исполнительная документация в строительстве 2025,366,Россия,19.06.2026 – 18.07.2026,Популярные,https://wordstat.yandex.ru/
исполнительная документация строительство,исполнительная документация в строительстве работа,351,Россия,19.06.2026 – 18.07.2026,Популярные,https://wordstat.yandex.ru/
исполнительная документация строительство,проектная исполнительная документация строительства,331,Россия,19.06.2026 – 18.07.2026,Популярные,https://wordstat.yandex.ru/
исполнительная документация строительство,порядок в исполнительной документации в строительстве,322,Россия,19.06.2026 – 18.07.2026,Популярные,https://wordstat.yandex.ru/
исполнительная документация строительство,исполнительная документация в строительстве капитальный ремонт,318,Россия,19.06.2026 – 18.07.2026,Популярные,https://wordstat.yandex.ru/
исполнительная документация строительство,министерство строительства исполнительная документация,313,Россия,19.06.2026 – 18.07.2026,Популярные,https://wordstat.yandex.ru/
исполнительная документация строительство,в строительстве какая исполнительная документация,307,Россия,19.06.2026 – 18.07.2026,Популярные,https://wordstat.yandex.ru/
исполнительная документация строительство,оформление исполнительной документации в строительстве,292,Россия,19.06.2026 – 18.07.2026,Популярные,https://wordstat.yandex.ru/
исполнительная документация строительство,порядок ведения исполнительной документации в строительстве,285,Россия,19.06.2026 – 18.07.2026,Популярные,https://wordstat.yandex.ru/
исполнительная документация строительство,рд исполнительная документация в строительстве,273,Россия,19.06.2026 – 18.07.2026,Популярные,https://wordstat.yandex.ru/
исполнительная документация строительство,образец исполнительной документации в строительстве,268,Россия,19.06.2026 – 18.07.2026,Популярные,https://wordstat.yandex.ru/
исполнительная документация строительство,акты исполнительной документации в строительстве,257,Россия,19.06.2026 – 18.07.2026,Популярные,https://wordstat.yandex.ru/
исполнительная документация строительство,инженерные сети строительство исполнительная документация,251,Россия,19.06.2026 – 18.07.2026,Популярные,https://wordstat.yandex.ru/
исполнительная документация строительство,исполнительная техническая документация при строительстве объектов,248,Россия,19.06.2026 – 18.07.2026,Популярные,https://wordstat.yandex.ru/
исполнительная документация строительство,что входит в исполнительную документацию в строительстве,223,Россия,19.06.2026 – 18.07.2026,Популярные,https://wordstat.yandex.ru/
исполнительная документация строительство,требования к исполнительной документации в строительстве,208,Россия,19.06.2026 – 18.07.2026,Популярные,https://wordstat.yandex.ru/
исполнительная документация строительство,исполнительная документация в строительстве 2026,208,Россия,19.06.2026 – 18.07.2026,Популярные,https://wordstat.yandex.ru/
исполнительная документация строительство,исполнительно техническая документация в строительстве,207,Россия,19.06.2026 – 18.07.2026,Популярные,https://wordstat.yandex.ru/
исполнительная документация строительство,реестр исполнительной документации в строительстве,183,Россия,19.06.2026 – 18.07.2026,Популярные,https://wordstat.yandex.ru/
исполнительная документация строительство,рд 11 исполнительная документация в строительстве,181,Россия,19.06.2026 – 18.07.2026,Популярные,https://wordstat.yandex.ru/
исполнительная документация строительство,рд исполнительная документация в строительстве 2006,178,Россия,19.06.2026 – 18.07.2026,Популярные,https://wordstat.yandex.ru/
исполнительная документация строительство,исполнительная геодезическая документация в строительстве,171,Россия,19.06.2026 – 18.07.2026,Популярные,https://wordstat.yandex.ru/
исполнительная документация строительство,исполнительная документация организация строительства,167,Россия,19.06.2026 – 18.07.2026,Популярные,https://wordstat.yandex.ru/
исполнительная документация строительство,состав исполнительной документации в строительстве 2025,149,Россия,19.06.2026 – 18.07.2026,Популярные,https://wordstat.yandex.ru/
исполнительная документация строительство,исполнительная документация в строительстве расшифровка,143,Россия,19.06.2026 – 18.07.2026,Популярные,https://wordstat.yandex.ru/
исполнительная документация строительство,подготовка исполнительной документации в строительстве,143,Россия,19.06.2026 – 18.07.2026,Популярные,https://wordstat.yandex.ru/
исполнительная документация строительство,ведение исполнительной документации по объекту строительства,142,Россия,19.06.2026 – 18.07.2026,Популярные,https://wordstat.yandex.ru/
исполнительная документация строительство,программа для исполнительной документации в строительстве,141,Россия,19.06.2026 – 18.07.2026,Популярные,https://wordstat.yandex.ru/
исполнительная документация строительство,исполнительная документация в строительстве пример,140,Россия,19.06.2026 – 18.07.2026,Популярные,https://wordstat.yandex.ru/
исполнительная документация строительство,формы исполнительной документации в строительстве,138,Россия,19.06.2026 – 18.07.2026,Популярные,https://wordstat.yandex.ru/
исполнительная документация строительство,исполнительная документация в строительстве 2023,137,Россия,19.06.2026 – 18.07.2026,Популярные,https://wordstat.yandex.ru/
исполнительная документация строительство,виды исполнительной документации в строительстве,137,Россия,19.06.2026 – 18.07.2026,Популярные,https://wordstat.yandex.ru/
исполнительная документация строительство,исполнительная документация в строительстве минстрой,136,Россия,19.06.2026 – 18.07.2026,Популярные,https://wordstat.yandex.ru/
исполнительная документация строительство,исполнительная документация законченного строительства,136,Россия,19.06.2026 – 18.07.2026,Популярные,https://wordstat.yandex.ru/
исполнительная документация строительство,электронная исполнительная документация в строительстве,130,Россия,19.06.2026 – 18.07.2026,Популярные,https://wordstat.yandex.ru/
исполнительная документация строительство,аорпи расшифровка в исполнительной документации в строительстве,128,Россия,19.06.2026 – 18.07.2026,Популярные,https://wordstat.yandex.ru/
исполнительная документация строительство,исполнительная документация строительство правила,126,Россия,19.06.2026 – 18.07.2026,Популярные,https://wordstat.yandex.ru/
исполнительная документация строительство,гост исполнительная геодезическая документация в строительстве,122,Россия,19.06.2026 – 18.07.2026,Популярные,https://wordstat.yandex.ru/
исполнительная документация строительство,исполнительная документация в строительстве акты работ,120,Россия,19.06.2026 – 18.07.2026,Популярные,https://wordstat.yandex.ru/
исполнительная документация строительство,исполнительная документация в строительстве скачать,114,Россия,19.06.2026 – 18.07.2026,Популярные,https://wordstat.yandex.ru/
исполнительная документация строительство,хранение исполнительная документация в строительстве,111,Россия,19.06.2026 – 18.07.2026,Популярные,https://wordstat.yandex.ru/
исполнительная документация строительство,исполнительная документация в строительстве приказ минстроя,110,Россия,19.06.2026 – 18.07.2026,Популярные,https://wordstat.yandex.ru/
проверка КС-2,проверка актов кс 2,137,Россия,19.06.2026 – 18.07.2026,Популярные,https://wordstat.yandex.ru/
проверка КС-2,проверка кс 2 кс 3,127,Россия,19.06.2026 – 18.07.2026,Популярные,https://wordstat.yandex.ru/
проверка КС-2,проверка работ кс 2,112,Россия,19.06.2026 – 18.07.2026,Популярные,https://wordstat.yandex.ru/
проверка КС-2,проверка форм кс 2,75,Россия,19.06.2026 – 18.07.2026,Популярные,https://wordstat.yandex.ru/
дополнительные работы в строительстве,дополнительные работы в строительстве,1029,Россия,19.06.2026 – 18.07.2026,Популярные,https://wordstat.yandex.ru/
дополнительные работы в строительстве,акт дополнительных работ в строительстве,281,Россия,19.06.2026 – 18.07.2026,Популярные,https://wordstat.yandex.ru/
дополнительные работы в строительстве,стоимость дополнительных работ в строительстве,190,Россия,19.06.2026 – 18.07.2026,Популярные,https://wordstat.yandex.ru/
дополнительные работы в строительстве,образец дополнительных работ в строительстве,189,Россия,19.06.2026 – 18.07.2026,Популярные,https://wordstat.yandex.ru/
дополнительные работы в строительстве,выполнение дополнительных работ в строительстве,173,Россия,19.06.2026 – 18.07.2026,Популярные,https://wordstat.yandex.ru/
дополнительные работы в строительстве,акт на дополнительные работы в строительстве образец,117,Россия,19.06.2026 – 18.07.2026,Популярные,https://wordstat.yandex.ru/
дополнительные работы в строительстве,дополнительные работы и затраты в строительстве,97,Россия,19.06.2026 – 18.07.2026,Популярные,https://wordstat.yandex.ru/
дополнительные работы в строительстве,дополнительные объемы работ в строительстве,82,Россия,19.06.2026 – 18.07.2026,Популярные,https://wordstat.yandex.ru/
дополнительные работы в строительстве,какие дополнительные работы в строительстве,81,Россия,19.06.2026 – 18.07.2026,Популярные,https://wordstat.yandex.ru/
дополнительные работы в строительстве,дополнительные работы в строительстве смета,70,Россия,19.06.2026 – 18.07.2026,Популярные,https://wordstat.yandex.ru/
дополнительные работы в строительстве,документация по дополнительным работам в строительстве,63,Россия,19.06.2026 – 18.07.2026,Популярные,https://wordstat.yandex.ru/
дополнительные работы в строительстве,закупки дополнительных работ в строительстве,52,Россия,19.06.2026 – 18.07.2026,Популярные,https://wordstat.yandex.ru/
дополнительные работы в строительстве,расчет дополнительных работ в строительстве,50,Россия,19.06.2026 – 18.07.2026,Популярные,https://wordstat.yandex.ru/
дополнительные работы в строительстве,дополнительные работы в строительстве определение,47,Россия,19.06.2026 – 18.07.2026,Популярные,https://wordstat.yandex.ru/
дополнительные работы в строительстве,акт дополнительных работ в строительстве скачать,46,Россия,19.06.2026 – 18.07.2026,Популярные,https://wordstat.yandex.ru/
дополнительные работы в строительстве,дополнительные работы в строительстве рб,44,Россия,19.06.2026 – 18.07.2026,Популярные,https://wordstat.yandex.ru/
дополнительные работы в строительстве,акт дополнительных работ в строительстве образец скачать,44,Россия,19.06.2026 – 18.07.2026,Популярные,https://wordstat.yandex.ru/
дополнительные работы в строительстве,акт необходимости выполнения дополнительных работ в строительстве,43,Россия,19.06.2026 – 18.07.2026,Популярные,https://wordstat.yandex.ru/
дополнительные работы в строительстве,виды дополнительных работ в строительстве,43,Россия,19.06.2026 – 18.07.2026,Популярные,https://wordstat.yandex.ru/
дополнительные работы в строительстве,лимит суммы дополнительных работ в строительстве рб,18,Россия,19.06.2026 – 18.07.2026,Популярные,https://wordstat.yandex.ru/
дополнительные работы в строительстве,порядок оформления дополнительных работ в строительстве,8,Россия,19.06.2026 – 18.07.2026,Популярные,https://wordstat.yandex.ru/
дополнительные работы в строительстве,форма акта дополнительных работ в строительстве,8,Россия,19.06.2026 – 18.07.2026,Популярные,https://wordstat.yandex.ru/
дополнительные работы в строительстве,письмо на дополнительные работы в строительстве образец,8,Россия,19.06.2026 – 18.07.2026,Популярные,https://wordstat.yandex.ru/
дополнительные работы в строительстве,акт о необходимости дополнительных работ в строительстве,8,Россия,19.06.2026 – 18.07.2026,Популярные,https://wordstat.yandex.ru/
дополнительные работы в строительстве,как оформляются дополнительные работы в строительстве,5,Россия,19.06.2026 – 18.07.2026,Популярные,https://wordstat.yandex.ru/
гарантийное удержание,гарантийное удержание,4917,Россия,19.06.2026 – 18.07.2026,Популярные,https://wordstat.yandex.ru/
гарантийное удержание,гарантийное удержание по договору,781,Россия,19.06.2026 – 18.07.2026,Популярные,https://wordstat.yandex.ru/
гарантийное удержание,гарантийное удержание подряд,699,Россия,19.06.2026 – 18.07.2026,Популярные,https://wordstat.yandex.ru/
гарантийное удержание,гарантийное удержание в 1с,588,Россия,19.06.2026 – 18.07.2026,Популярные,https://wordstat.yandex.ru/
гарантийное удержание,гарантийное удержание подрядчика,499,Россия,19.06.2026 – 18.07.2026,Популярные,https://wordstat.yandex.ru/
гарантийное удержание,счет гарантийного удержания,490,Россия,19.06.2026 – 18.07.2026,Популярные,https://wordstat.yandex.ru/
гарантийное удержание,гарантийное удержание заказчика,443,Россия,19.06.2026 – 18.07.2026,Популярные,https://wordstat.yandex.ru/
гарантийное удержание,возврат гарантийного удержания,442,Россия,19.06.2026 – 18.07.2026,Популярные,https://wordstat.yandex.ru/
гарантийное удержание,гарантийное удержание проводки,390,Россия,19.06.2026 – 18.07.2026,Популярные,https://wordstat.yandex.ru/
гарантийное удержание,гарантийные удержания ндс,370,Россия,19.06.2026 – 18.07.2026,Популярные,https://wordstat.yandex.ru/
гарантийное удержание,сумма гарантийных удержаний,362,Россия,19.06.2026 – 18.07.2026,Популярные,https://wordstat.yandex.ru/
гарантийное удержание,гарантийные удержания в 1с 8.3,238,Россия,19.06.2026 – 18.07.2026,Популярные,https://wordstat.yandex.ru/
гарантийное удержание,оплата гарантийного удержания,206,Россия,19.06.2026 – 18.07.2026,Популярные,https://wordstat.yandex.ru/
гарантийное удержание,как отразить гарантийное удержание,206,Россия,19.06.2026 – 18.07.2026,Популярные,https://wordstat.yandex.ru/
гарантийное удержание,срок гарантийного удержания,196,Россия,19.06.2026 – 18.07.2026,Популярные,https://wordstat.yandex.ru/
гарантийное удержание,учет гарантийного удержания,193,Россия,19.06.2026 – 18.07.2026,Популярные,https://wordstat.yandex.ru/
гарантийное удержание,письмо гарантийное удержание,183,Россия,19.06.2026 – 18.07.2026,Популярные,https://wordstat.yandex.ru/
гарантийное удержание,гарантийное удержание в кс,143,Россия,19.06.2026 – 18.07.2026,Популярные,https://wordstat.yandex.ru/
гарантийное удержание,гарантийные удержания в 1с у подрядчика,141,Россия,19.06.2026 – 18.07.2026,Популярные,https://wordstat.yandex.ru/
гарантийное удержание,проводка в 1с гарантийное удержание,140,Россия,19.06.2026 – 18.07.2026,Популярные,https://wordstat.yandex.ru/
гарантийное удержание,гарантийное удержание по договору подряда что это,137,Россия,19.06.2026 – 18.07.2026,Популярные,https://wordstat.yandex.ru/
гарантийное удержание,гарантийное удержание 5,134,Россия,19.06.2026 – 18.07.2026,Популярные,https://wordstat.yandex.ru/
гарантийное удержание,выплата гарантийных удержаний,131,Россия,19.06.2026 – 18.07.2026,Популярные,https://wordstat.yandex.ru/
гарантийное удержание,зачет гарантийного удержания,126,Россия,19.06.2026 – 18.07.2026,Популярные,https://wordstat.yandex.ru/
гарантийное удержание,удержание гарантийных обязательств,121,Россия,19.06.2026 – 18.07.2026,Популярные,https://wordstat.yandex.ru/
гарантийное удержание,как в 1с отразить гарантийное удержание,121,Россия,19.06.2026 – 18.07.2026,Популярные,https://wordstat.yandex.ru/
гарантийное удержание,гарантийные удержания по договору строительного,118,Россия,19.06.2026 – 18.07.2026,Популярные,https://wordstat.yandex.ru/
гарантийное удержание,без гарантийного удержания,113,Россия,19.06.2026 – 18.07.2026,Популярные,https://wordstat.yandex.ru/
гарантийное удержание,как проводить гарантийное удержание,111,Россия,19.06.2026 – 18.07.2026,Популярные,https://wordstat.yandex.ru/
гарантийное удержание,гарантийные удержания по договору строительного подряда,105,Россия,19.06.2026 – 18.07.2026,Популярные,https://wordstat.yandex.ru/
гарантийное удержание,гарантийные удержания какой счет,105,Россия,19.06.2026 – 18.07.2026,Популярные,https://wordstat.yandex.ru/
гарантийное удержание,гарантийные удержания у подрядчика проводки,104,Россия,19.06.2026 – 18.07.2026,Популярные,https://wordstat.yandex.ru/
гарантийное удержание,гарантийное удержание в 1с бухгалтерия,102,Россия,19.06.2026 – 18.07.2026,Популярные,https://wordstat.yandex.ru/
гарантийное удержание,бухучет гарантийного удержания,98,Россия,19.06.2026 – 18.07.2026,Популярные,https://wordstat.yandex.ru/
гарантийное удержание,процент гарантийного удержания,97,Россия,19.06.2026 – 18.07.2026,Популярные,https://wordstat.yandex.ru/
гарантийное удержание,возврат гарантийного удержания по договору подряда,96,Россия,19.06.2026 – 18.07.2026,Популярные,https://wordstat.yandex.ru/
гарантийное удержание,гарантийное удержание в кс 3,93,Россия,19.06.2026 – 18.07.2026,Популярные,https://wordstat.yandex.ru/
гарантийное удержание,гарантийное удержание в 1с бухгалтерия 8.3,91,Россия,19.06.2026 – 18.07.2026,Популярные,https://wordstat.yandex.ru/
гарантийное удержание,как в 1с провести гарантийное удержание,81,Россия,19.06.2026 – 18.07.2026,Популярные,https://wordstat.yandex.ru/
гарантийное удержание,как учесть гарантийные удержания,79,Россия,19.06.2026 – 18.07.2026,Популярные,https://wordstat.yandex.ru/
гарантийное удержание,гарантийное удержание облагается ндс,76,Россия,19.06.2026 – 18.07.2026,Популярные,https://wordstat.yandex.ru/
гарантийное удержание,гарантийное удержание банковская гарантия,71,Россия,19.06.2026 – 18.07.2026,Популярные,https://wordstat.yandex.ru/
гарантийное удержание,гарантийное удержание у заказчика проводки,70,Россия,19.06.2026 – 18.07.2026,Популярные,https://wordstat.yandex.ru/
гарантийное удержание,условия гарантийного удержания,68,Россия,19.06.2026 – 18.07.2026,Популярные,https://wordstat.yandex.ru/
гарантийное удержание,возврат гарантийного удержания образец,67,Россия,19.06.2026 – 18.07.2026,Популярные,https://wordstat.yandex.ru/
гарантийное удержание,гарантийные удержания с аванса,65,Россия,19.06.2026 – 18.07.2026,Популярные,https://wordstat.yandex.ru/
гарантийное удержание,гарантийные удержания проводки в бухучете,63,Россия,19.06.2026 – 18.07.2026,Популярные,https://wordstat.yandex.ru/
гарантийное удержание,размер гарантийного удержания,61,Россия,19.06.2026 – 18.07.2026,Популярные,https://wordstat.yandex.ru/
гарантийное удержание,как подрядчику отразить гарантийное удержание,58,Россия,19.06.2026 – 18.07.2026,Популярные,https://wordstat.yandex.ru/
гарантийное удержание,гарантийное удержание пример,57,Россия,19.06.2026 – 18.07.2026,Популярные,https://wordstat.yandex.ru/
заказчик не оплачивает выполненные работы,заказчик не оплачивает выполненные работы,837,Россия,19.06.2026 – 18.07.2026,Популярные,https://wordstat.yandex.ru/
заказчик не оплачивает выполненные работы,работы выполнены подрядчиком заказчик не оплатил,227,Россия,19.06.2026 – 18.07.2026,Популярные,https://wordstat.yandex.ru/
заказчик не оплачивает выполненные работы,заказчик не оплачивает акты выполненных работ,154,Россия,19.06.2026 – 18.07.2026,Популярные,https://wordstat.yandex.ru/
заказчик не оплачивает выполненные работы,заказчик не оплачивает выполненные работы по договору,152,Россия,19.06.2026 – 18.07.2026,Популярные,https://wordstat.yandex.ru/
строительная смета,строительная смета,11477,Россия,19.06.2026 – 18.07.2026,Популярные,https://wordstat.yandex.ru/
строительная смета,смета на строительные работы,3538,Россия,19.06.2026 – 18.07.2026,Популярные,https://wordstat.yandex.ru/
строительная смета,строительная смета расценки,1762,Россия,19.06.2026 – 18.07.2026,Популярные,https://wordstat.yandex.ru/
строительная смета,строительный мусор в смете,1728,Россия,19.06.2026 – 18.07.2026,Популярные,https://wordstat.yandex.ru/
строительная смета,смета строительная образец,900,Россия,19.06.2026 – 18.07.2026,Популярные,https://wordstat.yandex.ru/
строительная смета,строительный мусор расценка в смете,889,Россия,19.06.2026 – 18.07.2026,Популярные,https://wordstat.yandex.ru/
строительная смета,смета строительных работ образец,703,Россия,19.06.2026 – 18.07.2026,Популярные,https://wordstat.yandex.ru/
строительная смета,составить строительную смету,591,Россия,19.06.2026 – 18.07.2026,Популярные,https://wordstat.yandex.ru/
строительная смета,составление строительной сметы,589,Россия,19.06.2026 – 18.07.2026,Популярные,https://wordstat.yandex.ru/
строительная смета,строительная смета 2026,553,Россия,19.06.2026 – 18.07.2026,Популярные,https://wordstat.yandex.ru/
строительная смета,смета строительно монтажная,514,Россия,19.06.2026 – 18.07.2026,Популярные,https://wordstat.yandex.ru/
строительная смета,смета строительных материалов,475,Россия,19.06.2026 – 18.07.2026,Популярные,https://wordstat.yandex.ru/
строительная смета,стоимость строительной сметы,472,Россия,19.06.2026 – 18.07.2026,Популярные,https://wordstat.yandex.ru/
строительная смета,строительная смета цены,458,Россия,19.06.2026 – 18.07.2026,Популярные,https://wordstat.yandex.ru/
строительная смета,составляющие строительной сметы на работы,450,Россия,19.06.2026 – 18.07.2026,Популярные,https://wordstat.yandex.ru/
строительная смета,строительная гранд смета,394,Россия,19.06.2026 – 18.07.2026,Популярные,https://wordstat.yandex.ru/
строительная смета,составление сметы на строительные работы,365,Россия,19.06.2026 – 18.07.2026,Популярные,https://wordstat.yandex.ru/
строительная смета,строительные леса в смете,355,Россия,19.06.2026 – 18.07.2026,Популярные,https://wordstat.yandex.ru/
строительная смета,расчет строительной сметы,352,Россия,19.06.2026 – 18.07.2026,Популярные,https://wordstat.yandex.ru/
строительная смета,бесплатные строительные сметы,317,Россия,19.06.2026 – 18.07.2026,Популярные,https://wordstat.yandex.ru/
строительная смета,строительный смета скачать,317,Россия,19.06.2026 – 18.07.2026,Популярные,https://wordstat.yandex.ru/
строительная смета,строительный мусор расценка в смете гэсн,313,Россия,19.06.2026 – 18.07.2026,Популярные,https://wordstat.yandex.ru/
строительная смета,смета на строительные работы 2026,312,Россия,19.06.2026 – 18.07.2026,Популярные,https://wordstat.yandex.ru/
строительная смета,как составить смету на строительные работы,293,Россия,19.06.2026 – 18.07.2026,Популярные,https://wordstat.yandex.ru/
строительная смета,смета строительный подряд,286,Россия,19.06.2026 – 18.07.2026,Популярные,https://wordstat.yandex.ru/
строительная смета,погрузка мусора строительного смета,280,Россия,19.06.2026 – 18.07.2026,Популярные,https://wordstat.yandex.ru/
строительная смета,смета договора строительного подряда,259,Россия,19.06.2026 – 18.07.2026,Популярные,https://wordstat.yandex.ru/
строительная смета,вывоз строительного мусора смета,255,Россия,19.06.2026 – 18.07.2026,Популярные,https://wordstat.yandex.ru/
строительная смета,смета на строительно монтажные работы,254,Россия,19.06.2026 – 18.07.2026,Популярные,https://wordstat.yandex.ru/
строительная смета,договор смета строительных работ,254,Россия,19.06.2026 – 18.07.2026,Популярные,https://wordstat.yandex.ru/
строительная смета,строительный контроль в смете,252,Россия,19.06.2026 – 18.07.2026,Популярные,https://wordstat.yandex.ru/
строительная смета,пример строительной сметы,248,Россия,19.06.2026 – 18.07.2026,Популярные,https://wordstat.yandex.ru/
строительная смета,смета на строительные работы бесплатно,242,Россия,19.06.2026 – 18.07.2026,Популярные,https://wordstat.yandex.ru/
строительная смета,строительно ремонтные сметы,238,Россия,19.06.2026 – 18.07.2026,Популярные,https://wordstat.yandex.ru/
строительная смета,смета строительных расходов,233,Россия,19.06.2026 – 18.07.2026,Популярные,https://wordstat.yandex.ru/
строительная смета,вес строительного мусора в смете,231,Россия,19.06.2026 – 18.07.2026,Популярные,https://wordstat.yandex.ru/
строительная смета,программа для сметы строительных,219,Россия,19.06.2026 – 18.07.2026,Популярные,https://wordstat.yandex.ru/
строительная смета,строительно ремонтные работы смета,206,Россия,19.06.2026 – 18.07.2026,Популярные,https://wordstat.yandex.ru/
строительная смета,локальная смета строительные,206,Россия,19.06.2026 – 18.07.2026,Популярные,https://wordstat.yandex.ru/
строительная смета,погрузка строительного мусора расценка в смете,202,Россия,19.06.2026 – 18.07.2026,Популярные,https://wordstat.yandex.ru/
строительная смета,скачать смету на строительные работы,202,Россия,19.06.2026 – 18.07.2026,Популярные,https://wordstat.yandex.ru/
строительная смета,строительная смета онлайн,198,Россия,19.06.2026 – 18.07.2026,Популярные,https://wordstat.yandex.ru/
строительная смета,цена сметы на строительные работы,198,Россия,19.06.2026 – 18.07.2026,Популярные,https://wordstat.yandex.ru/
строительная смета,мусор строительный вес 1 м3 в смете,190,Россия,19.06.2026 – 18.07.2026,Популярные,https://wordstat.yandex.ru/
строительная смета,леса строительные расценка в смете,187,Россия,19.06.2026 – 18.07.2026,Популярные,https://wordstat.yandex.ru/
строительная смета,смета строительного объекта,181,Россия,19.06.2026 – 18.07.2026,Популярные,https://wordstat.yandex.ru/
строительная смета,как самому составлять строительные сметы,176,Россия,19.06.2026 – 18.07.2026,Популярные,https://wordstat.yandex.ru/
строительная смета,как составить смету на строительные работы самому,174,Россия,19.06.2026 – 18.07.2026,Популярные,https://wordstat.yandex.ru/
строительная смета,шаблон строительной сметы,170,Россия,19.06.2026 – 18.07.2026,Популярные,https://wordstat.yandex.ru/
строительная смета,строительные организации смета,169,Россия,19.06.2026 – 18.07.2026,Популярные,https://wordstat.yandex.ru/
аудит строительного проекта,аудит строительного проекта,23,Россия,19.06.2026 – 18.07.2026,Популярные,https://wordstat.yandex.ru/
договор субподряда,договор субподряда,6794,Россия,19.06.2026 – 18.07.2026,Популярные,https://wordstat.yandex.ru/
договор субподряда,договор субподряда на работы,896,Россия,19.06.2026 – 18.07.2026,Популярные,https://wordstat.yandex.ru/
договор субподряда,договор субподряда образец,772,Россия,19.06.2026 – 18.07.2026,Популярные,https://wordstat.yandex.ru/
договор субподряда,договор субподряда на выполнение,674,Россия,19.06.2026 – 18.07.2026,Популярные,https://wordstat.yandex.ru/
договор субподряда,договор субподряда на выполнение работ,632,Россия,19.06.2026 – 18.07.2026,Популярные,https://wordstat.yandex.ru/
договор субподряда,договор строительного субподряда,536,Россия,19.06.2026 – 18.07.2026,Популярные,https://wordstat.yandex.ru/
договор субподряда,договор субподряда строительные работы,401,Россия,19.06.2026 – 18.07.2026,Популярные,https://wordstat.yandex.ru/
договор субподряда,договор заказчик субподряда,377,Россия,19.06.2026 – 18.07.2026,Популярные,https://wordstat.yandex.ru/
договор субподряда,договор субподряда услуг,354,Россия,19.06.2026 – 18.07.2026,Популярные,https://wordstat.yandex.ru/
договор субподряда,договор субподряда на работы образец,298,Россия,19.06.2026 – 18.07.2026,Популярные,https://wordstat.yandex.ru/
договор субподряда,договор субподряда на выполнение строительных,297,Россия,19.06.2026 – 18.07.2026,Популярные,https://wordstat.yandex.ru/
договор субподряда,договор субподряда на выполнение строительных работ,294,Россия,19.06.2026 – 18.07.2026,Популярные,https://wordstat.yandex.ru/
договор субподряда,образец договора субподряда на выполнение работ,246,Россия,19.06.2026 – 18.07.2026,Популярные,https://wordstat.yandex.ru/
договор субподряда,строительный договор субподряда образец,227,Россия,19.06.2026 – 18.07.2026,Популярные,https://wordstat.yandex.ru/
договор субподряда,скачать договор субподряда,226,Россия,19.06.2026 – 18.07.2026,Популярные,https://wordstat.yandex.ru/
договор субподряда,договор субподряда на строительные работы образец,211,Россия,19.06.2026 – 18.07.2026,Популярные,https://wordstat.yandex.ru/
договор субподряда,образец договора субподряда на выполнение строительных работ,179,Россия,19.06.2026 – 18.07.2026,Популярные,https://wordstat.yandex.ru/
договор субподряда,заключение договоров субподряда,172,Россия,19.06.2026 – 18.07.2026,Популярные,https://wordstat.yandex.ru/
договор субподряда,договор субподряда образец скачать,166,Россия,19.06.2026 – 18.07.2026,Популярные,https://wordstat.yandex.ru/
договор субподряда,сумма договора субподряда,166,Россия,19.06.2026 – 18.07.2026,Популярные,https://wordstat.yandex.ru/
договор субподряда,договор субподряда на оказание услуг,166,Россия,19.06.2026 – 18.07.2026,Популярные,https://wordstat.yandex.ru/
договор субподряда,скачать договор субподряда на выполнение работ,159,Россия,19.06.2026 – 18.07.2026,Популярные,https://wordstat.yandex.ru/
договор субподряда,исполнение договора субподряда,156,Россия,19.06.2026 – 18.07.2026,Популярные,https://wordstat.yandex.ru/
договор субподряда,условия договора субподряда,154,Россия,19.06.2026 – 18.07.2026,Популярные,https://wordstat.yandex.ru/
договор субподряда,договор субподряда ооо и ооо,151,Россия,19.06.2026 – 18.07.2026,Популярные,https://wordstat.yandex.ru/
договор субподряда,договор строительного субподряда скачать,148,Россия,19.06.2026 – 18.07.2026,Популярные,https://wordstat.yandex.ru/
договор субподряда,договор субподряда на строительные работы скачать,148,Россия,19.06.2026 – 18.07.2026,Популярные,https://wordstat.yandex.ru/
договор субподряда,скачать договор субподряда на выполнение строительных работ,148,Россия,19.06.2026 – 18.07.2026,Популярные,https://wordstat.yandex.ru/
договор субподряда,договор субподряд строительство,144,Россия,19.06.2026 – 18.07.2026,Популярные,https://wordstat.yandex.ru/
договор субподряда,договор субподряда оплата,144,Россия,19.06.2026 – 18.07.2026,Популярные,https://wordstat.yandex.ru/
договор субподряда,договор с ип субподряд,140,Россия,19.06.2026 – 18.07.2026,Популярные,https://wordstat.yandex.ru/
договор субподряда,договор строительного субподряда образец скачать,140,Россия,19.06.2026 – 18.07.2026,Популярные,https://wordstat.yandex.ru/
договор субподряда,договор подряда и субподряда,137,Россия,19.06.2026 – 18.07.2026,Популярные,https://wordstat.yandex.ru/
договор субподряда,срок договора субподряда,129,Россия,19.06.2026 – 18.07.2026,Популярные,https://wordstat.yandex.ru/
договор субподряда,в соответствии с договором субподряда,126,Россия,19.06.2026 – 18.07.2026,Популярные,https://wordstat.yandex.ru/
договор субподряда,договор субподряда рф,125,Россия,19.06.2026 – 18.07.2026,Популярные,https://wordstat.yandex.ru/
договор субподряда,расторжение договора субподряда,123,Россия,19.06.2026 – 18.07.2026,Популярные,https://wordstat.yandex.ru/
договор субподряда,договор субподряда по 44 фз,120,Россия,19.06.2026 – 18.07.2026,Популярные,https://wordstat.yandex.ru/
договор субподряда,договор субподряда между ооо,115,Россия,19.06.2026 – 18.07.2026,Популярные,https://wordstat.yandex.ru/
договор субподряда,стоимость договора субподряда,114,Россия,19.06.2026 – 18.07.2026,Популярные,https://wordstat.yandex.ru/
договор субподряда,договор субподряда с подрядчиком,113,Россия,19.06.2026 – 18.07.2026,Популярные,https://wordstat.yandex.ru/
договор субподряда,договор субподряда аванс,112,Россия,19.06.2026 – 18.07.2026,Популярные,https://wordstat.yandex.ru/
договор субподряда,договор субподряда ндс,109,Россия,19.06.2026 – 18.07.2026,Популярные,https://wordstat.yandex.ru/
договор субподряда,договор субподряда требования,107,Россия,19.06.2026 – 18.07.2026,Популярные,https://wordstat.yandex.ru/
договор субподряда,как прописать в договоре субподряда,106,Россия,19.06.2026 – 18.07.2026,Популярные,https://wordstat.yandex.ru/
договор субподряда,договор субподряда 2025,105,Россия,19.06.2026 – 18.07.2026,Популярные,https://wordstat.yandex.ru/
договор субподряда,договор субподряда образец 2026,100,Россия,19.06.2026 – 18.07.2026,Популярные,https://wordstat.yandex.ru/
договор субподряда,стороны в договоре субподряда,98,Россия,19.06.2026 – 18.07.2026,Популярные,https://wordstat.yandex.ru/
договор субподряда,договор субподряда по контракту,94,Россия,19.06.2026 – 18.07.2026,Популярные,https://wordstat.yandex.ru/
договор субподряда,договор субподряда гк,93,Россия,19.06.2026 – 18.07.2026,Популярные,https://wordstat.yandex.ru/
акт скрытых работ,акт скрытых работ,27861,Россия,19.06.2026 – 18.07.2026,Популярные,https://wordstat.yandex.ru/
акт скрытых работ,акт освидетельствования скрытых работ,7434,Россия,19.06.2026 – 18.07.2026,Популярные,https://wordstat.yandex.ru/
акт скрытых работ,акт скрытых работ образец,3116,Россия,19.06.2026 – 18.07.2026,Популярные,https://wordstat.yandex.ru/
акт скрытых работ,акт скрытых работ в строительстве,2334,Россия,19.06.2026 – 18.07.2026,Популярные,https://wordstat.yandex.ru/
акт скрытых работ,акты скрываемых работ в строительстве,2334,Россия,19.06.2026 – 18.07.2026,Популярные,https://wordstat.yandex.ru/
акт скрытых работ,акты скрытых работ какие,1693,Россия,19.06.2026 – 18.07.2026,Популярные,https://wordstat.yandex.ru/
акт скрытых работ,форма акта скрытых работ,1320,Россия,19.06.2026 – 18.07.2026,Популярные,https://wordstat.yandex.ru/
акт скрытых работ,акт скрытых работ 2026,1195,Россия,19.06.2026 – 18.07.2026,Популярные,https://wordstat.yandex.ru/
акт скрытых работ,акт скрытых работ монтаж,1109,Россия,19.06.2026 – 18.07.2026,Популярные,https://wordstat.yandex.ru/
акт скрытых работ,акт скрытых работ скачать,947,Россия,19.06.2026 – 18.07.2026,Популярные,https://wordstat.yandex.ru/
акт скрытых работ,нужен ли акт скрытых работ,894,Россия,19.06.2026 – 18.07.2026,Популярные,https://wordstat.yandex.ru/
акт скрытых работ,акт скрытых работ пример,859,Россия,19.06.2026 – 18.07.2026,Популярные,https://wordstat.yandex.ru/
акт скрытых работ,акт освидетельствования скрытых работ образец,769,Россия,19.06.2026 – 18.07.2026,Популярные,https://wordstat.yandex.ru/
акт скрытых работ,акт скрытых работ 2025,761,Россия,19.06.2026 – 18.07.2026,Популярные,https://wordstat.yandex.ru/
акт скрытых работ,нужен акт на скрытые работы,751,Россия,19.06.2026 – 18.07.2026,Популярные,https://wordstat.yandex.ru/
акт скрытых работ,акт скрытых работ заполнение,745,Россия,19.06.2026 – 18.07.2026,Популярные,https://wordstat.yandex.ru/
акт скрытых работ,акт скрытых работ в строительстве образец,724,Россия,19.06.2026 – 18.07.2026,Популярные,https://wordstat.yandex.ru/
акт скрытых работ,акт скрытых работ ремонт,681,Россия,19.06.2026 – 18.07.2026,Популярные,https://wordstat.yandex.ru/
акт скрытых работ,акт скрытых работ 2025 образец,633,Россия,19.06.2026 – 18.07.2026,Популярные,https://wordstat.yandex.ru/
акт скрытых работ,акт скрытых работ 2026 образец,569,Россия,19.06.2026 – 18.07.2026,Популярные,https://wordstat.yandex.ru/
акт скрытых работ,документ акт скрытых работ,560,Россия,19.06.2026 – 18.07.2026,Популярные,https://wordstat.yandex.ru/
акт скрытых работ,акт скрытых работ приказ,542,Россия,19.06.2026 – 18.07.2026,Популярные,https://wordstat.yandex.ru/
акт скрытых работ,акты скрытых работ заказчик,532,Россия,19.06.2026 – 18.07.2026,Популярные,https://wordstat.yandex.ru/
акт скрытых работ,акт приемки скрытых работ,526,Россия,19.06.2026 – 18.07.2026,Популярные,https://wordstat.yandex.ru/
акт скрытых работ,бланк акта скрытых работ,522,Россия,19.06.2026 – 18.07.2026,Популярные,https://wordstat.yandex.ru/
акт скрытых работ,акт выполненных скрытых работ,497,Россия,19.06.2026 – 18.07.2026,Популярные,https://wordstat.yandex.ru/
акт скрытых работ,акт скрытых видов работ,475,Россия,19.06.2026 – 18.07.2026,Популярные,https://wordstat.yandex.ru/
акт скрытых работ,подписание акта скрытых работ,475,Россия,19.06.2026 – 18.07.2026,Популярные,https://wordstat.yandex.ru/
акт скрытых работ,форма акта освидетельствования скрытых работ,460,Россия,19.06.2026 – 18.07.2026,Популярные,https://wordstat.yandex.ru/
акт скрытых работ,оформление акта скрытых работ,436,Россия,19.06.2026 – 18.07.2026,Популярные,https://wordstat.yandex.ru/
акт скрытых работ,акт освидетельствования скрытых работ 2026,418,Россия,19.06.2026 – 18.07.2026,Популярные,https://wordstat.yandex.ru/
акт скрытых работ,перечень актов на скрытые работы,418,Россия,19.06.2026 – 18.07.2026,Популярные,https://wordstat.yandex.ru/
акт скрытых работ,кто подписывает акты скрытых работ,415,Россия,19.06.2026 – 18.07.2026,Популярные,https://wordstat.yandex.ru/
акт скрытых работ,акты скрытых работ сп,407,Россия,19.06.2026 – 18.07.2026,Популярные,https://wordstat.yandex.ru/
акт скрытых работ,акт освидетельствования скрытых работ какие работы,396,Россия,19.06.2026 – 18.07.2026,Популярные,https://wordstat.yandex.ru/
акт скрытых работ,необходимые акты скрытых работ,385,Россия,19.06.2026 – 18.07.2026,Популярные,https://wordstat.yandex.ru/
акт скрытых работ,акт скрытых работ схема,380,Россия,19.06.2026 – 18.07.2026,Популярные,https://wordstat.yandex.ru/
акт скрытых работ,акт скрытых работ подрядчика,369,Россия,19.06.2026 – 18.07.2026,Популярные,https://wordstat.yandex.ru/
акт скрытых работ,акт скрытых работ кабель,345,Россия,19.06.2026 – 18.07.2026,Популярные,https://wordstat.yandex.ru/
акт скрытых работ,акт скрытых работ реестр,343,Россия,19.06.2026 – 18.07.2026,Популярные,https://wordstat.yandex.ru/
акт скрытых работ,акт скрытых работ строительных работ,341,Россия,19.06.2026 – 18.07.2026,Популярные,https://wordstat.yandex.ru/
акт скрытых работ,акт скрытых работ фундамента,338,Россия,19.06.2026 – 18.07.2026,Популярные,https://wordstat.yandex.ru/
акт скрытых работ,журнал актов скрытых работ,324,Россия,19.06.2026 – 18.07.2026,Популярные,https://wordstat.yandex.ru/
акт скрытых работ,акт скрытых работ стены,322,Россия,19.06.2026 – 18.07.2026,Популярные,https://wordstat.yandex.ru/
акт скрытых работ,составление акта скрытых работ,310,Россия,19.06.2026 – 18.07.2026,Популярные,https://wordstat.yandex.ru/
акт скрытых работ,форма акта скрытых работ 2026,306,Россия,19.06.2026 – 18.07.2026,Популярные,https://wordstat.yandex.ru/
акт скрытых работ,акт скрытых работ образец заполнения,304,Россия,19.06.2026 – 18.07.2026,Популярные,https://wordstat.yandex.ru/
акт скрытых работ,скачать акт освидетельствования скрытых работ,300,Россия,19.06.2026 – 18.07.2026,Популярные,https://wordstat.yandex.ru/
акт скрытых работ,выполнение актов скрытых работ,286,Россия,19.06.2026 – 18.07.2026,Популярные,https://wordstat.yandex.ru/
акт скрытых работ,акт скрытых работ оформляется,284,Россия,19.06.2026 – 18.07.2026,Популярные,https://wordstat.yandex.ru/
